Title,Content,Excerpt,Author,Published Date,Featured Image,Meta Description,Status,Slug,Featured,Reviewer,Reviewer Credentials
Holistic vs. Conventional: When to Consider Integrative Care,"The most common misconception about holistic veterinary medicine is that it is an alternative to conventional care — that you have to choose one or the other. In reality, the most effective approach for most pets is integrative: using the best tools from both conventional and holistic medicine, matched to the patient's specific needs.

Conventional veterinary medicine excels at acute care, diagnostics, surgery, and emergency medicine. Holistic medicine excels at chronic disease management, pain control, immune support, and addressing underlying causes that conventional diagnostics may not fully explain.

The question is not ""should I go holistic or conventional?"" The question is ""when does adding holistic care make my pet's treatment plan meaningfully better?""

This guide helps you answer that question.

## What Conventional Medicine Does Best

Conventional veterinary medicine is built on rigorous scientific methodology — controlled studies, standardized diagnostics, and evidence-based treatment protocols. Its strengths are enormous:

**Emergency and acute care.** If your pet is hit by a car, ate something toxic, or is in acute respiratory distress, you need a conventional emergency vet. There is no holistic substitute for emergency surgery, fluid therapy, or critical care monitoring.

**Diagnostics.** Blood panels, X-rays, ultrasound, MRI, CT scans, biopsies — the diagnostic toolkit of conventional medicine is unmatched. These tools identify diseases, stage cancers, assess organ function, and guide treatment decisions with precision.

**Surgery.** From routine spays and neuters to complex orthopedic repairs, tumor removals, and emergency abdominal surgery, surgical intervention is a cornerstone of veterinary medicine that holistic modalities cannot replace.

**Infectious disease.** Bacterial infections requiring antibiotics, viral diseases, and parasitic infestations are treated most effectively with conventional pharmaceuticals. Vaccines — one of the greatest achievements of modern medicine — have virtually eliminated several fatal diseases in companion animals.

**Acute pain management.** For severe, acute pain — post-surgical, traumatic injury, or acute disc disease — conventional pain medications provide rapid, reliable relief that allows the animal to rest and heal.

## What Holistic Medicine Does Best

Holistic veterinary medicine operates from a different set of strengths — strengths that complement rather than compete with conventional care:

**Chronic disease management.** This is where holistic medicine consistently demonstrates its greatest value. Conditions like arthritis, inflammatory bowel disease, chronic skin allergies, and recurring ear infections are managed long-term. Conventional medicine offers effective symptom control, but holistic approaches often address why the condition persists and how to reduce its severity over time.

**Pain management with fewer side effects.** Long-term NSAID use carries risks of liver damage, kidney damage, and gastrointestinal bleeding. Acupuncture, laser therapy, chiropractic, and herbal medicine can provide meaningful pain relief while reducing pharmaceutical dependence. Many integrative protocols use conventional pain medication at lower doses, supplemented by holistic modalities, to achieve better overall control with fewer side effects.

**Immune system support.** Autoimmune conditions, recurrent infections, and allergic diseases all involve immune dysfunction. Holistic modalities like acupuncture, herbal medicine, nutritional therapy, and TCVM are specifically designed to modulate immune function — helping the immune system work correctly rather than simply suppressing it.

**Behavioral and emotional health.** Anxiety, fear, aggression, and compulsive behaviors are complex conditions with physical, neurological, and emotional components. Holistic approaches — particularly homeopathy, TCVM, acupuncture, and nutritional therapy — treat the whole patient, including emotional patterns that conventional medicine may address solely with pharmaceuticals.

**Cancer support.** Holistic medicine does not replace oncology, but it significantly supports quality of life during and after cancer treatment. Acupuncture manages chemotherapy-related nausea. Herbal medicine supports immune function and organ health. Nutritional therapy maintains body condition. Together, these therapies help cancer patients live more comfortably and sometimes longer than with conventional treatment alone.

**Preventive wellness.** Rather than waiting for disease to develop and then treating it, holistic medicine emphasizes maintaining health through optimal nutrition, regular bodywork, stress management, and proactive immune support. This preventive mindset can delay or prevent conditions that are expensive and difficult to treat once established.

**Senior pet care.** Aging pets often develop multiple concurrent conditions — arthritis plus kidney disease plus cognitive decline plus diminished appetite. Holistic medicine's whole-patient approach is ideally suited to managing this complexity, supporting quality of life across multiple systems simultaneously.

## When to Consider Adding Holistic Care

Here are the specific situations where integrative care adds the most value:

### Your Pet Has a Chronic Condition That Is Not Fully Resolving

This is the most common entry point to holistic care. Your dog has been on arthritis medication for two years and is still stiff. Your cat's IBD flares up every few months despite dietary changes. Your pet's skin allergies are managed but never resolved.

If conventional treatment is keeping the condition at bay but not making meaningful progress toward resolution, holistic modalities may address the underlying factors that conventional treatment is not reaching.

### Your Pet Cannot Tolerate Conventional Medication

Some animals develop side effects from medications they need long-term — GI upset from NSAIDs, liver enzyme elevations from chronic drug use, behavioral changes from certain medications. When a necessary medication is causing problems, holistic alternatives or adjuncts can provide the same therapeutic goal through a different mechanism.

### Your Pet Is Facing Surgery

Holistic care before and after surgery can improve outcomes significantly:
- **Pre-surgical acupuncture** reduces anxiety and prepares the body for the stress of anesthesia and surgery
- **Post-surgical laser therapy** accelerates incision healing and reduces swelling
- **Post-surgical acupuncture** manages pain and supports recovery with less pharmaceutical dependence
- **Rehabilitation** restores function and prevents compensatory problems

### Your Pet Has Been Diagnosed with Cancer

Cancer treatment decisions are among the most difficult a pet owner faces. Integrative care does not replace surgery, chemotherapy, or radiation when those are appropriate — but it provides critical support:
- Pain management through acupuncture and herbal medicine
- Nausea control during chemotherapy
- Immune support through nutritional therapy and medicinal mushrooms
- Quality of life maintenance through bodywork and stress reduction
- Support for organs stressed by chemotherapy

### Your Pet Is a Senior

Aging is not a disease, but it involves declining function across multiple systems simultaneously. An integrative approach that addresses joint health, cognitive function, organ support, and mobility through combined conventional and holistic modalities can meaningfully extend your pet's comfortable, active years.

### Your Pet Has Behavioral Issues

Anxiety, fear, and aggression are frequently treated with pharmaceuticals alone. Adding acupuncture, TCVM, dietary optimization, or homeopathy can address underlying contributors — pain that is causing irritability, gut-brain axis dysfunction, constitutional imbalances — that medication alone does not reach.

### You Want a Proactive Wellness Approach

You do not have to wait for a problem to see a holistic vet. Nutritional optimization, regular bodywork, and periodic integrative wellness exams can identify and address imbalances before they become clinical disease. This is particularly valuable for breeds predisposed to specific conditions — proactive joint support for large breed dogs, early dietary optimization for breeds prone to GI issues, etc.

## How Integrative Care Works in Practice

A well-run integrative practice does not operate in isolation from conventional medicine. Here is what good integrative care looks like:

**Shared records.** Your holistic vet and your conventional vet should have access to the same medical records. Diagnoses, lab results, medications, and treatment plans should be coordinated.

**Complementary protocols.** The holistic vet designs treatments that work alongside conventional care, not against it. If your dog is on carprofen for arthritis, the holistic vet might add acupuncture and laser therapy to provide additional relief, potentially allowing a dose reduction of the NSAID over time — but any medication changes are made in coordination with the prescribing vet.

**Evidence-informed decision making.** Reputable holistic vets use modalities with clinical evidence, recommend diagnostic testing when appropriate, and refer to specialists when a condition exceeds their scope. They do not discourage necessary conventional treatment or make promises about curing incurable diseases.

**Regular reassessment.** Treatment plans are adjusted based on the patient's response — measured through clinical improvement, lab work, owner observations, and quality of life assessment. What works is continued and expanded. What does not work is modified or replaced.

## Red Flags: When to Be Cautious

Not all holistic practitioners operate with the same standards. Be wary if a practitioner:

- **Tells you to stop all conventional medications** without a transition plan or consultation with your primary vet
- **Guarantees a cure** for a chronic or serious condition
- **Discourages diagnostic testing** — a good holistic vet wants the same diagnostic information as a conventional vet
- **Refuses to coordinate** with your primary veterinarian
- **Recommends only their own proprietary products** at premium prices
- **Dismisses conventional medicine entirely** rather than integrating the best of both approaches

The best holistic veterinarians are, first and foremost, excellent veterinarians. They use their conventional training as the foundation and add holistic modalities where they provide additional benefit.

## How to Find the Right Integrative Vet

When searching for a holistic or integrative veterinarian, consider:

**Credentials.** Look for a DVM or VMD with additional certifications in specific modalities — CVA (acupuncture), AVCA (chiropractic), AHVMA membership, Chi Institute training, etc. These credentials indicate dedicated postgraduate training beyond veterinary school.

**Approach.** The best practitioners are integrative, not dogmatic. They should be willing to use conventional medicine when it is the best tool and holistic medicine when it adds value — not one to the exclusion of the other.

**Communication.** They should explain their reasoning, discuss evidence, present options, and respect your role in decision-making. Good holistic vets educate their clients.

**Willingness to coordinate.** They should actively communicate with your primary vet, share records, and design treatments that complement rather than conflict with existing care.

Our [directory of holistic veterinarians](/vets/) includes over 3,200 practitioners across all 50 states, searchable by location and modality. Each listing includes credentials, specialties, species treated, and Google ratings from other pet owners.

[Find an integrative vet near you →](/vets/)

## The Bottom Line

The debate between holistic and conventional veterinary medicine is a false choice. The real question is not which approach is better — it is which combination of approaches gives your specific pet the best chance at a long, comfortable, healthy life.

For acute emergencies, surgery, and infectious disease — conventional medicine is indispensable. For chronic conditions, pain management, immune support, and preventive wellness — holistic modalities offer tools that conventional medicine often lacks. For most pets with ongoing health concerns, the answer is both.

The growing number of veterinarians pursuing integrative training reflects a profession-wide recognition that the best medicine is not constrained by ideology. It draws from every available resource — conventional, holistic, ancient, and modern — in service of the only thing that matters: the health and well-being of the animal in front of them.

That is integrative care. And it might be exactly what your pet needs.
",Holistic veterinary care is not about choosing sides. The best outcomes happen when conventional and holistic medicine work together. Here is how to know when integrative care makes sense for your pet.,Kevin Collins,2026-04-09,https://res.cloudinary.com/dnmrgvjdm/image/upload/v1773761115/HolisticConventional_tw6jzg.png,"Should your pet see a holistic vet? Learn when integrative veterinary care adds the most value, how it works alongside conventional medicine, and how to decide if it is right for your pet.",Published,holistic-vs-conventional-when-to-consider-integrative-care,,,
Holistic Approaches to Pet Anxiety: Calming Your Dog or Cat Naturally,"Your dog paces and pants when you pick up your keys. Your cat hides under the bed every time a visitor arrives. Thunderstorms turn your otherwise calm pet into a trembling, destructive mess. Or maybe there is no obvious trigger at all — your pet just seems chronically uneasy, hypervigilant, or unable to settle.

Anxiety in pets is more common than most owners realize. Studies suggest that over 70% of dogs display some form of anxiety-related behavior, and cats — whose anxiety often manifests as withdrawal, inappropriate elimination, or over-grooming rather than the obvious distress signals dogs show — are likely just as affected.

Conventional treatment typically involves pharmaceuticals: fluoxetine (Prozac), trazodone, gabapentin, or situational medications like sileo for noise phobia. These medications can be genuinely helpful, and some pets truly need them. But many pet owners are looking for approaches that address the underlying causes of anxiety rather than managing it pharmaceutically — or that work alongside medication to reduce the dose needed.

Holistic veterinary medicine offers several evidence-based options that do exactly that.

## Understanding Pet Anxiety

Anxiety is not a behavior problem — it is an emotional and physiological state. An anxious animal is experiencing a real stress response: elevated cortisol, increased heart rate, heightened nervous system activation, and changes in neurotransmitter balance. Understanding this is important because it means anxiety cannot be trained away through discipline, and it should not be dismissed as the pet being ""dramatic"" or ""badly behaved.""

### Types of Anxiety in Dogs

**Separation anxiety.** The most commonly diagnosed anxiety disorder in dogs. Symptoms include destructive behavior, vocalization, house soiling, pacing, and escape attempts when the owner is absent or preparing to leave. Some dogs begin showing distress as soon as they recognize departure cues — keys, shoes, coat.

**Noise phobia.** Intense fear responses to specific sounds — thunderstorms, fireworks, gunshots, construction noise, smoke alarms. Some noise-phobic dogs become so distressed that they injure themselves trying to escape or hide.

**Generalized anxiety.** Chronic, pervasive unease without a specific trigger. These dogs are always on alert, startle easily, have difficulty relaxing, and may develop compulsive behaviors like excessive licking, tail chasing, or pacing.

**Social anxiety.** Fear or distress around unfamiliar people, dogs, or in new environments. This can manifest as aggression (fear-based), hiding, trembling, or attempts to flee.

**Age-related anxiety.** Cognitive decline in senior dogs can produce anxiety as the dog becomes confused, disoriented, or unable to process familiar environments and routines.

### Types of Anxiety in Cats

**Environmental anxiety.** Cats are territorial and highly sensitive to changes in their environment. New furniture, a new pet, a new baby, construction, or even a change in the owner's schedule can trigger anxiety.

**Social anxiety.** Multi-cat household stress is one of the most common and underrecognized sources of feline anxiety. Even cats that appear to coexist peacefully may be experiencing chronic low-level stress from resource competition and social tension.

**Separation-related distress.** Contrary to the stereotype of the independent cat, many cats develop anxiety when their primary person is absent. Signs include excessive vocalization, inappropriate elimination, over-grooming, and appetite changes.

**Noise sensitivity.** Less dramatic than in dogs but still significant. Cats may hide for hours or days after a startling noise event.

**Redirected anxiety.** A cat that sees an outdoor cat through the window but cannot reach it may redirect that arousal into aggression toward a housemate or owner, or into destructive behavior.

## Why Holistic Approaches Work for Anxiety

Holistic medicine is particularly well suited to anxiety for several reasons:

**It treats the whole patient.** Anxiety is rarely just a brain chemistry problem. It involves the gut (where most serotonin is produced), the adrenal system (cortisol regulation), the musculoskeletal system (chronic tension), and the overall constitutional makeup of the animal. Holistic medicine addresses all of these systems.

**It considers individual patterns.** Two anxious dogs may need completely different treatments. One is anxious because of a constitutional sensitivity. Another developed anxiety after a traumatic experience. A third has anxiety driven by chronic pain. Holistic modalities — particularly homeopathy and TCVM — are designed for this level of individualization.

**It has fewer side effects.** Behavioral medications are not without consequences — sedation, appetite changes, GI upset, and in some cases paradoxical increases in anxiety. Holistic approaches generally carry minimal side effects, making them particularly attractive for long-term management.

**It supports the nervous system rather than overriding it.** Rather than altering neurotransmitter levels pharmacologically, holistic approaches help the nervous system learn to regulate itself more effectively.

## Holistic Treatment Options

### Acupuncture

Acupuncture is one of the most effective holistic treatments for anxiety in both dogs and cats. Its mechanisms are well documented:

**Nervous system regulation.** Acupuncture activates the parasympathetic nervous system — the ""rest and digest"" branch that counterbalances the ""fight or flight"" stress response. This shift is measurable through changes in heart rate variability, cortisol levels, and behavioral markers.

**Endorphin release.** Needling specific points triggers the release of endorphins and other calming neurochemicals, producing a natural sense of well-being.

**Specific calming points.** Several acupuncture points are specifically indicated for anxiety, including GV-20 (at the top of the head, one of the most calming points in veterinary acupuncture), HT-7 (a heart meridian point for anxiety and restlessness), and Yin Tang (between the eyes, used for calming the mind).

**What to expect.** Most anxious pets actually relax during acupuncture — often dramatically. Dogs commonly fall asleep during sessions. Cats may purr. The calming effect often outlasts the session by several days. Treatment typically begins weekly and extends to every 2 to 4 weeks as the patient stabilizes.

[Learn more about pet acupuncture →](/blog/what-to-expect-pet-acupuncture-session/)

### Traditional Chinese Veterinary Medicine (TCVM)

TCVM offers a comprehensive framework for understanding and treating anxiety through pattern diagnosis:

**Liver Qi Stagnation.** The most common TCVM pattern behind anxiety. The Liver system in Chinese medicine governs the smooth flow of energy through the body. When Liver Qi stagnates, the result is irritability, frustration, restlessness, and anxiety. This pattern is often seen in dogs that are frustrated, reactive, or have anxiety that worsens with confinement.

**Heart Qi or Blood Deficiency.** The Heart system houses the Shen (spirit/mind). When Heart Qi or Blood is deficient, the Shen becomes unsettled — manifesting as fearfulness, easy startle, restlessness, and difficulty sleeping. This pattern is common in timid, fearful animals.

**Kidney Qi Deficiency.** The Kidney system governs courage and will in TCVM. Kidney deficiency can produce deep-seated fearfulness, especially in senior animals or those with constitutional weakness.

Treatment combines acupuncture points specific to the pattern, Chinese herbal formulas, and food therapy. A dog with Liver Qi Stagnation might receive acupuncture at LIV-3 and GB-34, an herbal formula like Xiao Yao San (Free and Easy Wanderer), and a diet emphasizing cooling, liver-supporting foods. A dog with Heart Blood Deficiency would receive entirely different points, herbs, and dietary guidance.

This individualization is why TCVM often succeeds where generic calming products fail — the treatment matches the patient's specific pattern of imbalance.

[Learn more about TCVM →](/blog/what-to-expect-tcvm-consultation/)

### Herbal Medicine

Several herbs have documented anxiolytic (anxiety-reducing) properties:

**Valerian root (Valeriana officinalis).** One of the most studied calming herbs, valerian affects GABA receptors — the same system targeted by anti-anxiety pharmaceuticals like diazepam. It promotes relaxation without heavy sedation and is useful for both chronic anxiety and situational stress.

**Passionflower (Passiflora incarnata).** Another GABA-modulating herb with clinical evidence for anxiety reduction. Passionflower is gentler than valerian and well tolerated by most animals. It is particularly useful for anxiety accompanied by restlessness.

**Chamomile (Matricaria chamomilla).** A mild calming herb with additional benefits for digestive upset — useful since anxiety and GI distress frequently co-occur. Appropriate for mildly anxious pets and as part of a calming blend.

**Ashwagandha (Withania somnifera).** An adaptogenic herb that helps the body manage stress more effectively over time. Adaptogens do not sedate — they support the adrenal system's ability to regulate cortisol and maintain balance under stress. Ashwagandha is particularly useful for chronically anxious animals.

**L-theanine.** An amino acid found naturally in green tea that promotes relaxation without drowsiness. It increases alpha brain wave activity — the pattern associated with calm alertness. Available as a supplement and included in several veterinary calming products.

**CBD (cannabidiol).** Emerging research supports anxiolytic effects through interaction with the endocannabinoid system. Clinical studies in dogs have shown reductions in stress-related behaviors. Product quality varies widely — use veterinary-specific products with third-party testing and clear dosing guidelines.

**Important safety note.** Herbal remedies can interact with medications, and some herbs that are safe for dogs are toxic to cats (and vice versa). Always work with a veterinarian trained in herbal medicine rather than self-prescribing.

[Learn more about veterinary herbal medicine →](/blog/what-to-expect-veterinary-herbal-medicine/)

### Homeopathy

Homeopathy's extreme individualization makes it well suited to anxiety, where each patient's experience is unique:

**Aconitum napellus.** For acute, sudden-onset fear — the classic remedy for panic after a frightening event. The animal is visibly terrified, restless, and may tremble.

**Argentum nitricum.** For anticipatory anxiety — the animal that becomes anxious before an event occurs (before car rides, before the owner leaves, before storms that they can sense approaching).

**Phosphorus.** For sensitive, sociable animals that are deeply affected by their environment — startled by thunder, distressed by changes in routine, anxious when alone despite being outgoing and friendly in company.

**Gelsemium.** For anxiety that produces paralysis-like behavior — the animal freezes, trembles, and may lose control of bladder or bowels. Common in performance anxiety and extreme noise phobia.

**Ignatia.** For grief and loss — anxiety following the death of a companion animal, the departure of a family member, or a major life change.

The homeopathic approach prescribes based on the complete picture of the patient, not just the diagnosis of ""anxiety."" Two anxious dogs will receive different remedies if their anxiety manifests differently, has different triggers, and accompanies different physical symptoms.

[Learn more about veterinary homeopathy →](/blog/what-to-expect-veterinary-homeopathy/)

### Massage Therapy

Therapeutic massage directly addresses the physical manifestation of anxiety — chronic muscle tension:

**Where anxiety lives in the body.** Anxious animals carry tension in predictable patterns. Dogs commonly hold tension in the neck, shoulders, and along the spine. Cats tense through the entire back and often the jaw. This chronic tension contributes to discomfort, restricted movement, and a feedback loop where physical tension reinforces the emotional state.

**Parasympathetic activation.** Sustained, rhythmic touch activates the parasympathetic nervous system, lowering heart rate, reducing cortisol, and shifting the body from a stress state to a relaxation state. This is not just calming in the moment — regular massage helps the nervous system learn to access the relaxed state more easily.

**Owner-applied techniques.** Many massage therapists teach owners simple calming massage techniques to use at home. Tellington TTouch — a specific method of circular touches developed for animals — is one of the most accessible owner-applied approaches for anxiety reduction.

**Best for.** Animals with anxiety that includes significant physical tension, animals that respond well to touch, and as a complement to other modalities.

[Learn more about veterinary massage therapy →](/blog/what-to-expect-veterinary-massage-therapy/)

### Nutritional Therapy

The connection between diet and anxiety is increasingly well documented:

**The gut-brain axis.** The gut produces approximately 90% of the body's serotonin — a neurotransmitter directly involved in mood regulation. An unhealthy gut microbiome can impair serotonin production and contribute to anxiety. Dietary changes that support gut health often produce noticeable improvements in behavior.

**Probiotic supplementation.** Specific probiotic strains have been shown to reduce anxiety-related behaviors in dogs. The mechanism appears to involve direct communication between gut bacteria and the brain via the vagus nerve.

**Amino acid support.** Tryptophan (a precursor to serotonin) and L-theanine can be supplemented through diet or as individual supplements to support calming neurotransmitter production.

**Blood sugar stability.** Diets high in simple carbohydrates can cause blood sugar fluctuations that mimic or exacerbate anxiety symptoms. Switching to a higher-protein, lower-glycemic diet often helps stabilize mood and energy.

**Anti-inflammatory nutrition.** Chronic inflammation affects brain function and can contribute to anxiety. Omega-3 fatty acids, antioxidant-rich foods, and the elimination of inflammatory dietary components support neurological health.

[Learn more about veterinary nutritional therapy →](/blog/what-to-expect-veterinary-nutritional-therapy/)

### Environmental and Behavioral Support

Holistic anxiety management extends beyond the clinic:

**Environmental enrichment.** Boredom and understimulation contribute to anxiety in both dogs and cats. Puzzle feeders, rotating toys, scent games, and species-appropriate play provide mental stimulation that channels nervous energy productively.

**Safe spaces.** Every anxious pet needs a place where they feel secure. For dogs, this might be a covered crate with a familiar blanket. For cats, elevated perches, enclosed hiding spots, and access to quiet rooms away from household traffic.

**Predictable routines.** Anxious animals thrive on predictability. Consistent feeding times, walk schedules, and daily routines reduce uncertainty — one of the primary drivers of anxiety.

**Pheromone therapy.** Adaptil (for dogs) and Feliway (for cats) are synthetic pheromone products that mimic the calming pheromones produced by nursing mothers. While not a standalone treatment, they can reduce baseline anxiety when used consistently in the home environment.

**Appropriate exercise.** Regular physical activity is one of the most effective anxiety reducers available. It metabolizes stress hormones, produces endorphins, and provides sensory stimulation. For anxious dogs, structured walks with opportunities to sniff are particularly beneficial — scent processing is inherently calming for dogs.

**Music and sound.** Specific music compositions designed for dogs (such as ""Through a Dog's Ear"") have been shown to reduce anxiety-related behaviors. White noise machines can mask triggering sounds for noise-phobic animals.

## Building an Integrative Anxiety Plan

The most effective approach typically combines multiple interventions:

**Foundation:** Dietary optimization + gut health support + environmental management
**Active treatment:** Acupuncture (weekly, then tapering) + herbal formula or homeopathic remedy
**Physical support:** Regular massage + appropriate exercise
**Situational support:** Additional herbal or homeopathic remedies for known trigger events
**Conventional support if needed:** Medication at the lowest effective dose, with the goal of tapering as holistic therapies take effect

Many pet owners find that holistic therapies allow them to reduce or eventually discontinue anti-anxiety medication — but this should always be done gradually and under veterinary supervision. Abrupt discontinuation of behavioral medications can cause withdrawal effects and rebound anxiety.

## How Long Does Treatment Take?

- **Acupuncture:** Many pets show improvement within the first 2 to 3 sessions. Maintenance every 2 to 4 weeks.
- **Herbal medicine:** 2 to 4 weeks for initial effects. Ongoing for maintenance.
- **Homeopathy:** Variable — some patients respond dramatically to the first remedy, others require several prescriptions to find the best match.
- **Dietary changes:** 4 to 8 weeks for gut-brain axis effects to manifest.
- **Overall improvement:** Most owners see meaningful progress within 1 to 3 months, with continued improvement over 6 to 12 months.

Anxiety that has been present for years will not resolve in days. But the trajectory of improvement is usually steady once the right combination of therapies is in place.

## Finding a Holistic Vet for Anxiety

Anxiety is one of the conditions where the integrative approach — combining multiple modalities tailored to the individual patient — produces the best outcomes. Look for practitioners who offer acupuncture, herbal medicine, or TCVM and who take time to understand your pet's specific anxiety pattern rather than reaching for a generic calming supplement.

Our [directory of holistic veterinarians](/specialties/) lets you search for practitioners by modality and location.

[Find a holistic vet near you →](/vets/)

## The Bottom Line

Your anxious pet is not being difficult, dramatic, or disobedient. They are experiencing genuine distress driven by neurological, physiological, and emotional factors that they cannot control. They deserve treatment that addresses the full scope of that distress — not just the most visible symptoms.

Holistic medicine offers exactly that. By treating the whole animal — gut health, nervous system regulation, physical tension, emotional patterns, and environmental stressors — integrative care helps anxious pets develop a genuine capacity for calm, rather than simply suppressing the signs of a distress that continues underneath.

That is a meaningful difference, and it is why so many pet owners say that holistic care changed their anxious pet's life.",Anxiety is one of the most common behavioral issues in dogs and cats — and one of the most responsive to holistic care. Here is a comprehensive guide to natural approaches that address the root causes of your pet's anxiety.,Kevin Collins,2026-04-08,https://res.cloudinary.com/dnmrgvjdm/image/upload/v1773760249/ZoeAnxiety_bi9pzr.png,"Is your dog or cat struggling with anxiety? Learn how holistic treatments like acupuncture, TCVM, herbal medicine, nutritional therapy, and massage can help calm anxious pets naturally.",Published,holistic-approaches-to-pet-anxiety,,,
What to Expect from Veterinary Nutritional Therapy,"Every holistic veterinarian will tell you the same thing: nutrition is the foundation. No amount of acupuncture, herbal medicine, or chiropractic care can fully compensate for a diet that is not meeting your pet's needs. And conversely, correcting nutritional imbalances often resolves health problems that medications have been unable to fix.

Veterinary nutritional therapy is not about switching from one commercial food brand to another. It is a clinical discipline in which a trained practitioner evaluates your pet's complete health picture, identifies nutritional deficiencies or excesses, and designs an individualized feeding plan — whether that involves optimizing a commercial diet, transitioning to home-prepared food, adding targeted supplements, or a combination of all three.

If you are considering a nutrition consultation for your pet, here is what to expect.

## What Is Veterinary Nutritional Therapy?

Veterinary nutritional therapy is the use of diet and dietary supplements as primary tools for preventing and treating disease. It goes far beyond general feeding recommendations. A nutritional therapy consultation involves:

- **Complete dietary assessment** — analyzing everything your pet currently eats
- **Nutritional gap analysis** — identifying deficiencies or excesses based on the current diet and the pet's health status
- **Custom diet formulation** — designing a feeding plan tailored to the individual patient's needs, health conditions, and lifestyle
- **Therapeutic supplementation** — recommending specific nutrients, nutraceuticals, or functional foods to address clinical conditions
- **Ongoing monitoring** — adjusting the plan based on the pet's response, lab work, and changing health needs

This is evidence-based practice. Veterinary nutritionists use the same biochemistry and metabolic science as conventional medicine, applied specifically to dietary intervention.

## Who Provides Veterinary Nutritional Therapy?

Several types of practitioners offer nutritional guidance for animals:

- **ACVN diplomates** (American College of Veterinary Nutrition) — board-certified veterinary nutritionists with the highest level of training. There are fewer than 100 in the United States, and most work at universities or specialty hospitals.
- **Holistic veterinarians with nutrition training** — many AHVMA members have completed continuing education in clinical nutrition, raw feeding, whole food diets, and supplementation.
- **TCVM practitioners** — Traditional Chinese Veterinary Medicine includes food therapy as one of its four branches. TCVM food therapy assigns thermal properties (warming, cooling, neutral) to foods and designs diets based on the patient's constitutional type and pattern diagnosis.
- **Certified animal nutritionists** — non-veterinarians with formal training in animal nutrition. These practitioners can design diets but should work in coordination with a veterinarian for clinical cases.

For pets with medical conditions, nutritional therapy should involve a licensed veterinarian who can interpret lab work, understand drug-nutrient interactions, and monitor the patient's clinical response.

You can [find nutritional therapy practitioners](/specialty/nutritional-therapy/) in our directory.

## What Conditions Does Nutritional Therapy Address?

Diet plays a role in virtually every aspect of health, but nutritional therapy is particularly impactful for:

**Food allergies and sensitivities.** Elimination diets and novel protein trials are the gold standard for diagnosing and managing food-related allergies. A nutritional therapy consultation ensures the elimination diet is complete, balanced, and conducted properly.

**Chronic kidney disease.** Dietary management is one of the most important interventions for CKD. Protein quality and quantity, phosphorus restriction, hydration, and targeted supplementation can significantly slow disease progression and improve quality of life.

**Gastrointestinal disease.** Inflammatory bowel disease, chronic diarrhea, pancreatitis, and other digestive conditions often respond dramatically to dietary changes. The right diet can reduce inflammation, heal the gut lining, and restore healthy digestion.

**Obesity and weight management.** Not just feeding less — a proper weight management plan adjusts macronutrient ratios, accounts for metabolic rate, and ensures the animal loses fat while maintaining muscle mass.

**Cancer support.** Dietary strategies for cancer patients focus on supporting immune function, maintaining body condition, and creating a metabolic environment less favorable to tumor growth. This often involves adjusting the ratio of fat to carbohydrates in the diet.

**Diabetes.** Dietary management is a cornerstone of diabetes treatment in both dogs and cats, with different strategies for each species based on their distinct metabolic needs.

**Liver disease.** Nutritional management of liver conditions involves specific adjustments to protein quality, antioxidant support, and the avoidance of nutrients that stress the compromised liver.

**Skin and coat problems.** Chronic skin conditions often have a nutritional component. Essential fatty acid supplementation, zinc status, vitamin A metabolism, and food sensitivities all play roles.

**Growth and development.** Large breed puppies have very specific nutritional requirements to support proper skeletal development. Getting the calcium-to-phosphorus ratio and caloric density right during the growth phase prevents orthopedic problems later in life.

**Senior pet wellness.** Aging animals have changing nutritional needs — altered protein requirements, antioxidant support, joint-supporting nutrients, and adjustments for declining organ function.

## Before the Appointment

**Keep a diet diary for 1 to 2 weeks.** Record everything your pet eats — meals, treats, table scraps, supplements, chews, and anything they might scavenge. Include brand names, specific product varieties, and quantities.

**Collect your pet's current food labels.** Bring the actual bags or cans (or photograph the labels) of every food product you feed. The ingredient list and guaranteed analysis are essential for the nutritionist's assessment.

**Gather medical records.** Recent bloodwork (within the last 3 to 6 months) is especially important. A complete blood count, chemistry panel, and urinalysis provide the nutritional baseline. For specific conditions, additional tests like vitamin D levels, B12, folate, or thyroid panels may be needed.

**List all supplements.** Name, brand, dose, and how long your pet has been taking each one. Include joint supplements, fish oil, probiotics, vitamins, and any other nutritional products.

**Note digestive patterns.** Stool quality, frequency, and consistency. Any vomiting, gas, bloating, or changes in appetite. These details directly inform dietary recommendations.

**Plan for time.** A comprehensive nutrition consultation takes 60 to 90 minutes.

## What Happens During the Consultation

### Step 1: Dietary History and Health Review (20-30 minutes)

The practitioner takes a detailed history covering:

**Current feeding regimen.** Every food item, how much, how often, how it is prepared, and how it is served. The practitioner calculates current caloric intake, macronutrient ratios (protein, fat, carbohydrate), and key micronutrient levels.

**Treat and supplement intake.** These can represent a significant portion of daily calories and nutrient intake. A dog getting multiple dental chews, training treats, and a fish oil supplement daily may be getting far more fat and calories than the owner realizes.

**Feeding history.** What has the pet been fed throughout its life? Previous diet changes and the pet's response to them. Any adverse food reactions.

**Health conditions.** All current diagnoses, medications, and how the pet's health has changed over time. The nutritionist needs to understand how dietary intervention interacts with any ongoing medical treatment.

**Lifestyle factors.** Activity level, body condition, growth stage (puppy, adult, senior), reproductive status (intact, spayed/neutered, pregnant, lactating), and living environment.

### Step 2: Physical Assessment

The practitioner evaluates:

**Body condition score.** A standardized assessment of your pet's weight relative to ideal — typically on a 1 to 9 scale. This is more informative than weight alone, as it accounts for frame size and muscle mass.

**Muscle condition score.** Separate from body fat, this assesses whether the pet is maintaining adequate muscle mass. Muscle loss is a critical concern in senior pets, cancer patients, and animals with kidney or liver disease.

**Coat and skin quality.** Dry, dull, or flaky skin can indicate essential fatty acid deficiency, zinc deficiency, or other nutritional gaps.

**Dental health.** Dental condition affects what the pet can comfortably eat and may influence diet form (kibble vs. soft food vs. raw).

**Stool assessment.** If you can bring a sample or describe recent stool quality, this provides direct information about digestive function and diet suitability.

### Step 3: Diet Analysis and Plan Design

This is where the practitioner's expertise comes in. Based on the assessment, they:

**Analyze the current diet.** Using nutrition databases and software, the practitioner calculates whether the current diet meets established nutrient requirements (NRC guidelines or AAFCO profiles) for your pet's life stage and health status. This analysis often reveals surprising deficiencies or excesses.

**Design the new plan.** The dietary recommendation may involve:

- **Optimized commercial feeding.** Selecting the best commercial diet for the pet's needs, adjusting portions, and adding targeted supplements to fill gaps. This is the most practical option for many pet owners.

- **Home-prepared diet.** A balanced recipe using whole food ingredients, formulated to meet all nutrient requirements. Home-prepared diets offer maximum control over ingredients but require precision in formulation and preparation. The practitioner provides specific recipes with exact ingredient amounts, preparation instructions, and required supplements.

- **Raw diet formulation.** For owners committed to raw feeding, the practitioner ensures the diet is nutritionally complete and safe. This includes appropriate muscle meat, organ meat, bone content, and supplementation.

- **Therapeutic diet.** For specific medical conditions, the practitioner may recommend a veterinary therapeutic diet (prescription diet) or design a custom diet that achieves the same therapeutic goals with whole food ingredients.

- **Supplement protocol.** Targeted supplements based on the pet's specific needs — omega-3 fatty acids, probiotics, joint support nutrients, digestive enzymes, organ-specific nutraceuticals, or vitamin and mineral corrections.

### Step 4: Implementation Plan

The practitioner provides:

- **Written diet plan** with specific foods, amounts, and feeding schedule
- **Recipes** (if home-preparing) with exact measurements and preparation steps
- **Transition schedule** — dietary changes should be made gradually over 7 to 14 days to avoid digestive upset
- **Supplement list** with specific products, dosages, and timing
- **Monitoring plan** — what to watch for, when to recheck lab work, and when to schedule a follow-up

## What Happens After You Start the New Diet

**Transition period (1 to 2 weeks).** Gradually shift from the old diet to the new one, mixing increasing proportions of new food with decreasing proportions of old food. Some digestive adjustment (slightly softer stool, mild gas) is normal during transition.

**Early changes (2 to 4 weeks).** You may notice improvements in energy, coat quality, stool quality, and appetite relatively quickly. Some conditions take longer to respond.

**Follow-up (4 to 8 weeks).** The practitioner rechecks body condition, weight, and relevant lab work. The diet is adjusted based on the response. Fine-tuning is normal — the first plan is rarely the final plan.

**Ongoing monitoring.** For pets with medical conditions, periodic rechecks ensure the diet continues to meet changing needs. Healthy pets on a well-designed diet may only need annual nutritional reassessment.

## How Much Does Nutritional Therapy Cost?

- **Initial consultation:** $150 to $350
- **Custom diet formulation:** Often included in the consultation fee, or $50 to $150 for detailed recipe development
- **Follow-up visits:** $75 to $175
- **Lab work:** Standard veterinary pricing for bloodwork and urinalysis
- **Ongoing food costs:** Variable — home-prepared and raw diets may cost more than commercial diets, though this varies widely by recipe, protein source, and pet size

The consultation investment often pays for itself through reduced veterinary bills as diet-related health problems resolve.

## Common Questions

**Can I just switch to a better kibble?** Sometimes that is the right answer. The nutritionist will tell you if your pet needs a diet overhaul or just a better-quality version of what they are already eating.

**Is raw feeding safe?** When properly formulated and handled, raw diets can be nutritionally complete and safe. The key word is ""properly formulated"" — nutrient imbalances and bacterial contamination are real risks with improperly designed raw diets.

**Do I need to cook for my pet forever?** Not necessarily. Some conditions require long-term dietary management, but others can be resolved with a period of therapeutic feeding followed by a return to a high-quality commercial diet.

**Will my vet support this?** Most conventional veterinarians support nutritional therapy when it is designed by a qualified practitioner. Bring your nutritional plan to your primary vet so they are aware of the dietary changes and can monitor accordingly.

## Finding a Veterinary Nutritionist

Our [directory of holistic veterinarians](/specialties/) lets you search for practitioners offering nutritional therapy by location. Many holistic vets combine nutritional counseling with other modalities like acupuncture, herbal medicine, and TCVM food therapy, offering a comprehensive approach to your pet's health.

[Find a nutritional therapy practitioner near you →](/specialty/nutritional-therapy/)

## The Bottom Line

Food is medicine — it is one of the oldest principles in healing, and it applies to animals as directly as it applies to humans. A properly designed diet can resolve chronic conditions, support recovery from illness, maintain optimal health throughout life, and reduce dependence on pharmaceutical interventions.

The first consultation is an investment of time and attention, but it establishes a nutritional foundation that supports everything else you do for your pet's health. Whether your animal is dealing with a specific medical condition or you simply want to optimize their diet for longevity and vitality, a nutrition consultation is one of the most impactful steps you can take.","Diet is the foundation of health — for animals just as much as for humans. If your vet has recommended nutritional therapy or you want to optimize your pet's diet, here is what the consultation process looks like.",Kevin Collins,2026-04-08,https://res.cloudinary.com/dnmrgvjdm/image/upload/v1773759097/NutritionalTherapyExpectations_cjnhkv.png,"Considering nutritional therapy for your pet? Learn what a veterinary nutrition consultation involves, how custom diets are designed, and what conditions respond best to dietary intervention.",Published,what-to-expect-veterinary-nutritional-therapy,,,
Holistic Approaches to Dog Arthritis: A Complete Guide,"Arthritis affects an estimated 25% of dogs during their lifetime. For large breeds, the number is even higher. If your dog has been diagnosed with osteoarthritis — or if you are watching an aging dog slow down, struggle to rise, or hesitate before jumping — you already know how painful it is to watch.

Conventional medicine offers effective tools: NSAIDs like carprofen and meloxicam for inflammation, gabapentin for nerve pain, and in severe cases, surgical options like joint replacement. But many dog owners are searching for more — treatments that manage pain with fewer side effects, support the body's own healing capacity, and address the whole dog rather than just the inflamed joint.

This is where holistic and integrative veterinary medicine excels. Arthritis is one of the conditions with the strongest evidence base for holistic treatment, and many dogs experience significant improvement when natural therapies are added to their care plan.

## Understanding Dog Arthritis

Osteoarthritis is a degenerative joint disease in which the cartilage that cushions joint surfaces breaks down over time. As cartilage deteriorates, bone rubs against bone, causing pain, inflammation, and progressive loss of mobility.

**Contributing factors include:**
- Age-related wear
- Joint injuries (cruciate ligament tears, fractures)
- Developmental conditions (hip dysplasia, elbow dysplasia, OCD)
- Obesity — excess weight accelerates joint deterioration
- Genetics — some breeds are predisposed

**Common signs:**
- Stiffness after rest, especially in the morning or after naps
- Reluctance to jump, climb stairs, or get in/out of the car
- Limping or favoring a leg
- Decreased activity level or loss of interest in play
- Difficulty rising from a lying position
- Muscle loss in the affected limbs
- Behavioral changes — irritability, reluctance to be touched
- Licking or chewing at joints

Arthritis cannot be cured — the cartilage damage is irreversible. But it can be managed effectively, and this is where holistic medicine offers real value. The goal is to reduce pain, slow disease progression, maintain mobility, preserve muscle mass, and sustain quality of life for as long as possible.

## Holistic Modalities for Dog Arthritis

### Acupuncture

Acupuncture is one of the most well-studied holistic treatments for arthritis pain in dogs. Fine needles placed at specific points stimulate the release of endorphins, reduce local inflammation, and modulate pain signaling in the nervous system.

**What the research shows:** Multiple peer-reviewed studies have demonstrated that acupuncture produces measurable pain relief in arthritic dogs, with improvements in mobility scores, weight-bearing on affected limbs, and owner-reported quality of life.

**What to expect:** Sessions last 20 to 30 minutes. Most dogs relax deeply during treatment, and many fall asleep. Initial treatment is usually weekly for 4 to 6 sessions, then tapered to every 2 to 4 weeks for maintenance.

**Best for:** Dogs with chronic pain who cannot tolerate NSAIDs, dogs already on medication who need additional relief, and dogs with multiple affected joints.

[Learn more about what to expect at an acupuncture session →](/blog/what-to-expect-pet-acupuncture-session/)

### Chiropractic Care

Arthritis does not just affect the joint itself — it changes how the entire body moves. Dogs with hip arthritis shift weight to their front legs. Dogs with elbow arthritis alter their gait to unload the painful joint. These compensatory patterns create secondary problems: spinal misalignments, muscle spasms, and pain in areas far from the original joint.

Chiropractic care addresses these compensatory patterns by restoring normal spinal and joint mechanics, relieving pressure on nerves, and reducing the muscle tension that accompanies chronic pain.

**What to expect:** Gentle, controlled adjustments to specific joints and spinal segments. Most dogs tolerate adjustments well and show immediate improvements in movement quality. Sessions are typically every 2 to 4 weeks.

**Best for:** Dogs with concurrent back pain, stiffness in multiple areas, or gait abnormalities. Particularly effective when combined with acupuncture or massage.

[Learn more about veterinary chiropractic →](/blog/what-to-expect-veterinary-chiropractic-appointment/)

### Laser Therapy

Laser therapy delivers focused light energy directly to the affected joint, triggering cellular-level changes that reduce inflammation, increase blood flow, and accelerate tissue repair. For arthritis, it provides localized pain relief without systemic side effects.

**What the research shows:** Laser therapy has been shown to reduce inflammatory markers in arthritic joints and improve mobility scores in clinical trials. It is particularly effective as part of a multimodal pain management plan.

**What to expect:** Sessions are quick — 5 to 15 minutes per joint. Your dog feels a gentle warmth and typically relaxes during treatment. Initial treatment is 2 to 3 times per week for 2 to 3 weeks, then weekly or biweekly for maintenance.

**Best for:** Dogs with pain localized to specific joints, post-surgical arthritis management, and dogs who enjoy the warmth and comfort of treatment.

[Learn more about laser therapy →](/blog/what-to-expect-veterinary-laser-therapy/)

### Herbal Medicine

Several herbs have documented anti-inflammatory and pain-relieving properties relevant to arthritis:

**Turmeric (curcumin).** One of the most studied natural anti-inflammatories. Curcumin inhibits inflammatory pathways similar to how NSAIDs work, but through different mechanisms and with fewer gastrointestinal side effects. Bioavailability is a challenge — it must be combined with piperine (black pepper extract) or given in a phospholipid-bound form to be effective.

**Boswellia (Indian frankincense).** Contains boswellic acids that inhibit 5-lipoxygenase, an inflammatory enzyme. Clinical studies in dogs have shown improved mobility and reduced pain scores.

**Devil's claw.** A traditional anti-inflammatory herb with analgesic properties. Used for centuries in African traditional medicine for joint pain.

**Corydalis.** Used in Traditional Chinese Medicine for pain management. Contains compounds that affect multiple pain pathways simultaneously.

**CBD (cannabidiol).** Emerging research suggests anti-inflammatory and pain-modulating effects. The legal and regulatory landscape is evolving, but several veterinary-specific CBD products are available. Quality and dosing vary significantly between products.

**Important:** Herbal supplements can interact with medications. Always work with a veterinarian trained in herbal medicine rather than self-prescribing.

[Learn more about veterinary herbal medicine →](/blog/what-to-expect-veterinary-herbal-medicine/)

### Nutritional Therapy

Diet plays a critical role in arthritis management:

**Omega-3 fatty acids (EPA and DHA).** Fish oil supplementation is one of the most evidence-backed nutritional interventions for arthritis. Omega-3s are incorporated into cell membranes and shift the body's inflammatory balance toward anti-inflammatory pathways. Therapeutic doses for arthritis are higher than what most commercial diets provide.

**Weight management.** This is arguably the single most impactful intervention for an arthritic dog. Every excess pound adds stress to compromised joints. Research has shown that maintaining a lean body condition can delay the onset of arthritis by nearly two years and reduce severity significantly.

**Joint-supporting nutrients.** Glucosamine, chondroitin sulfate, green-lipped mussel extract, and hyaluronic acid support cartilage health and joint fluid viscosity. Evidence for individual supplements varies, but combination products show the most consistent benefits.

**Anti-inflammatory diet design.** Reducing pro-inflammatory ingredients (excess omega-6 fatty acids, high-glycemic carbohydrates) and increasing anti-inflammatory components (omega-3s, antioxidant-rich vegetables, turmeric) creates a dietary environment that supports joint health.

[Learn more about veterinary nutritional therapy →](/blog/what-to-expect-veterinary-nutritional-therapy/)

### Massage Therapy

Massage does not treat the arthritic joint directly, but it addresses the muscular consequences of arthritis that significantly impact quality of life:

- **Relieves compensatory muscle tension.** Dogs with arthritis develop chronic muscle tightness from altered movement patterns.
- **Maintains circulation** to muscles that may be losing mass due to decreased use.
- **Reduces pain perception** through endorphin release and nervous system modulation.
- **Improves flexibility** and range of motion in muscles surrounding affected joints.

Regular massage can make a meaningful difference in how an arthritic dog moves and feels day to day.

[Learn more about veterinary massage therapy →](/blog/what-to-expect-veterinary-massage-therapy/)

### Physical Rehabilitation

Veterinary rehabilitation — the animal equivalent of physical therapy — is a cornerstone of arthritis management:

**Therapeutic exercise.** Controlled, targeted exercises that maintain muscle strength around arthritic joints without stressing the joints themselves. Strong muscles act as natural joint stabilizers.

**Hydrotherapy.** Underwater treadmills and swimming pools allow dogs to exercise with reduced weight-bearing stress. Water provides resistance for muscle building while buoyancy protects compromised joints. This is one of the most effective tools for maintaining mobility in arthritic dogs.

**Range of motion exercises.** Gentle, guided joint movement that prevents stiffness and maintains flexibility.

**Balance and proprioception work.** Exercises on unstable surfaces that challenge the body's awareness of its position in space. This strengthens stabilizing muscles and improves coordination.

### Traditional Chinese Veterinary Medicine (TCVM)

TCVM approaches arthritis through pattern diagnosis. The treatment is not just ""arthritis"" — it is a specific type of arthritis with a specific underlying imbalance:

- **Cold Bi Syndrome:** Pain worse in cold, damp weather, improves with warmth. Treated with warming acupuncture, warming herbal formulas, and warming foods.
- **Damp Bi Syndrome:** Heavy, swollen joints, worse in humid weather. Treated with herbs that drain dampness and foods that resolve fluid accumulation.
- **Heat Bi Syndrome:** Hot, red, inflamed joints. Treated with cooling herbs and anti-inflammatory acupuncture points.

This individualized approach often explains why some dogs respond better to certain treatments than others — the treatment matches the pattern, not just the diagnosis.

[Learn more about TCVM →](/blog/what-to-expect-tcvm-consultation/)

## Building a Multimodal Arthritis Plan

The most effective arthritis management typically combines multiple modalities. A common integrative protocol might include:

1. **Foundation:** Weight management + omega-3 supplementation + joint-supporting nutrients
2. **Pain control:** Acupuncture every 2 to 4 weeks + laser therapy as needed
3. **Mobility maintenance:** Physical rehabilitation + therapeutic exercise + massage
4. **Herbal support:** Anti-inflammatory herbal formula (turmeric, boswellia, or a Chinese herbal formula)
5. **Conventional medication:** NSAIDs at the lowest effective dose, used as needed rather than daily, if holistic therapies provide sufficient baseline control

The goal is not to choose between conventional and holistic medicine — it is to use the best of both to provide the most relief with the fewest side effects. Many dog owners find that adding holistic therapies allows them to reduce their dog's NSAID dose, which reduces the risk of long-term side effects while maintaining or improving pain control.

## Environmental and Lifestyle Modifications

Beyond medical treatment, simple changes at home can significantly improve an arthritic dog's comfort:

- **Orthopedic beds** that support joints and make lying down and getting up easier
- **Ramps** for getting in and out of cars and onto furniture
- **Non-slip surfaces** — rugs or yoga mats on slippery floors to prevent splaying and improve confidence
- **Raised food and water bowls** to reduce neck strain
- **Gentle, consistent exercise** — short walks multiple times a day rather than one long walk
- **Warmth** — heated beds or warm compresses on stiff joints, especially in cold weather
- **Nail trimming** — long nails alter posture and gait, adding stress to compromised joints

## When to Seek Holistic Care for Arthritis

Do not wait until your dog can barely walk. The earlier holistic care begins, the more effectively it can slow disease progression and maintain quality of life. Consider an integrative consultation if:

- Your dog has been diagnosed with arthritis and you want to explore options beyond NSAIDs
- Your dog is on NSAIDs and you want to reduce the dose or find complementary support
- Your dog cannot tolerate NSAIDs due to liver, kidney, or GI issues
- Your dog's arthritis is progressing despite conventional treatment
- Your dog is showing early signs of stiffness or mobility changes
- Your dog's breed is predisposed to joint disease and you want a proactive plan

## Finding a Holistic Vet for Arthritis

Arthritis is one of the conditions where integrative care truly shines. Look for a practitioner who offers multiple modalities — acupuncture combined with herbal medicine, laser therapy combined with rehabilitation, or a full TCVM approach with food therapy. The more tools available, the more precisely the treatment can be tailored to your dog's specific needs.

Our [directory of holistic veterinarians](/specialties/) lets you search by modality and location. Many practitioners offer free or reduced-cost initial consultations for new clients.

[Find a holistic vet near you →](/vets/)

## The Bottom Line

Arthritis is a progressive disease, but progressive does not mean hopeless. With the right combination of holistic therapies, dietary management, lifestyle modifications, and conventional support when needed, most arthritic dogs can maintain comfortable, active lives far longer than their owners expect.

The best outcomes come from starting early, using multiple complementary approaches, and working with a veterinarian who understands both conventional and holistic options. Your dog's golden years do not have to be defined by pain — they can be defined by the quality of care they receive.",Arthritis is one of the most common conditions in dogs — and one of the most responsive to holistic care. Here is a comprehensive guide to the natural and integrative options available for managing your dog's joint pain.,Kevin Collins,2026-04-07,https://res.cloudinary.com/dnmrgvjdm/image/upload/v1773757297/Arthritis_vz8yko.png,"Dog arthritis affects 1 in 4 dogs. Learn how holistic treatments like acupuncture, chiropractic, herbal medicine, laser therapy, and nutritional therapy can manage pain and improve mobility naturally.",Published,holistic-approaches-to-dog-arthritis,,,
What to Expect from Veterinary Massage Therapy,"When most people think of massage, they think of a spa day — relaxation, ambient music, scented candles. Veterinary massage therapy is something quite different. It is a clinical treatment performed by trained professionals who understand animal anatomy, musculoskeletal function, and the physiological effects of soft tissue manipulation.

That said, most animals absolutely love it. Dogs lean into the practitioner's hands. Horses drop their heads and sigh. Even cats — not always the most cooperative patients — often settle into a deep calm. The therapeutic benefits are real, and the experience for the animal is almost universally positive.

If your veterinarian has recommended massage therapy for your pet, or if you are exploring it as part of an integrative care plan, here is what the process looks like from start to finish.

## What Is Veterinary Massage Therapy?

Veterinary massage therapy is the systematic manipulation of soft tissues — muscles, tendons, ligaments, and fascia — to achieve therapeutic goals. These goals typically include:

- **Pain relief** through the release of muscle tension and trigger points
- **Improved circulation** bringing oxygen and nutrients to damaged tissue
- **Reduced inflammation** by promoting lymphatic drainage
- **Increased range of motion** in stiff or restricted joints
- **Stress and anxiety reduction** through activation of the parasympathetic nervous system
- **Faster recovery** from surgery, injury, or intense physical activity

Massage therapy is not the same as casually petting your dog or rubbing your horse's neck after a ride. Therapeutic massage uses specific techniques applied with precise pressure, direction, and duration to produce measurable physiological changes. The practitioner's hands are diagnostic tools as much as therapeutic ones — they can feel abnormalities in muscle tone, identify trigger points, and detect areas of inflammation that may not be visible on the surface.

## Who Performs Veterinary Massage?

The credentialing landscape for animal massage varies by state, but generally:

- **Licensed veterinarians** can perform massage as part of their practice
- **Certified veterinary technicians** may perform massage under veterinary supervision
- **Certified animal massage therapists** have completed specialized training programs in animal massage. These programs typically require 200 to 600 hours of coursework in animal anatomy, physiology, pathology, and hands-on technique.

Respected certification programs include:
- **NBCAAM** (National Board of Certification for Animal Acupressure and Massage)
- **LAMP** (Large Animal Massage Practitioner) programs for equine specialists
- Various state-approved animal massage certification programs

When choosing a practitioner, ask about their specific training in animal massage. Human massage therapy certification does not qualify someone to work on animals — the anatomy, muscle groups, and pathology are fundamentally different.

You can [find massage therapy practitioners](/specialty/massage-therapy/) in our directory.

## Which Animals Benefit from Massage?

**Dogs** are the most common small-animal massage patients. Working dogs, sport dogs, senior dogs, and dogs recovering from orthopedic surgery benefit significantly. Even healthy adult dogs benefit from periodic maintenance massage, especially active breeds.

**Horses** have the longest history with therapeutic massage. Equine massage is standard care in many performance barns and is widely used for competition horses, racehorses, and pleasure horses alike.

**Cats** respond well to gentle massage techniques, though sessions are typically shorter and the approach more delicate. Cats with arthritis, chronic pain, or anxiety are the most common feline candidates.

**Other species** — rabbits, goats, and some exotic animals — can also benefit from massage when performed by an experienced practitioner familiar with their anatomy.

## What Conditions Does Massage Therapy Treat?

**Muscle tension and spasm.** The most immediate application. Chronic tension patterns develop from pain, compensatory movement, repetitive activity, or stress. Massage breaks these patterns and restores normal muscle function.

**Post-surgical recovery.** After orthopedic surgery (TPLO, fracture repair, spinal surgery), animals develop compensatory muscle patterns as they guard the surgical site. Massage helps normalize muscle function during rehabilitation.

**Arthritis and chronic pain.** Regular massage reduces pain perception, maintains joint mobility, and addresses the muscle tightness that accompanies chronic joint disease. It works particularly well alongside other modalities like acupuncture and laser therapy.

**Soft tissue injuries.** Strains, sprains, and overuse injuries respond well to targeted massage techniques that promote tissue healing and prevent adhesion formation.

**Performance optimization.** Sport and working dogs, competition horses, and other athletic animals benefit from pre-event preparation and post-event recovery massage.

**Anxiety and stress.** Massage activates the parasympathetic nervous system, lowering cortisol levels and promoting relaxation. Animals with separation anxiety, noise phobia, or general nervousness often show significant improvement with regular massage.

**Age-related stiffness.** Senior animals who are slowing down, reluctant to move, or showing decreased flexibility benefit from gentle massage that maintains circulation and comfort.

**Lymphedema and swelling.** Specialized lymphatic drainage massage techniques help reduce fluid accumulation after surgery, injury, or in conditions that impair lymphatic function.

## Before the Appointment

**Share medical records.** The massage therapist needs to know about any diagnoses, surgeries, medications, and areas of concern. Some conditions require modified techniques or are contraindications for massage.

**Note your pet's current issues.** Where does your pet seem uncomfortable? When do they limp? Which leg do they favor? What activities have they stopped doing? These observations help the therapist focus the session.

**Avoid heavy exercise beforehand.** A calm, rested animal is easier to assess and responds better to treatment.

**Plan for time.** A first session typically takes 45 to 75 minutes (including assessment). Follow-up sessions run 30 to 60 minutes depending on the animal's size and condition.

**For horses:** Schedule in a clean, quiet area with good footing. The horse should not have just been worked. Have the horse available for the therapist to observe in motion before the hands-on work begins.

## What Happens During a Massage Session

### Step 1: Assessment (10-15 minutes, first visit)

The therapist begins by gathering information:

**History.** They review your pet's medical records, ask about the presenting concern, and discuss activity level, diet, and daily routine.

**Visual assessment.** They observe your pet standing, walking, and transitioning between positions. They look for:
- Postural asymmetries
- Weight shifting or favoring a limb
- Muscle development imbalances
- Areas of swelling or atrophy
- Gait abnormalities

**Palpation assessment.** The therapist uses their hands to systematically evaluate muscle tone throughout the body, noting areas of tension, spasm, trigger points, heat, cold, swelling, or tenderness. This initial palpation serves as both diagnostic and baseline — something to compare against at the end of the session and at future visits.

### Step 2: The Massage Treatment (20-45 minutes)

The therapist works systematically through the relevant muscle groups using a variety of techniques:

**Effleurage.** Long, flowing strokes that warm the tissue, increase circulation, and allow the therapist to assess the superficial muscle layers. This typically begins and ends each session.

**Petrissage.** Kneading, lifting, and squeezing of muscle tissue. This works deeper than effleurage and is effective for releasing tension in larger muscle groups.

**Friction.** Small, focused circular or cross-fiber movements applied to specific adhesions, scar tissue, or tight bands within muscle. Friction is used on targeted problem areas rather than broad regions.

**Trigger point therapy.** Sustained pressure on myofascial trigger points — hyperirritable spots within muscle that refer pain to other areas. When a trigger point is released, the relief can be dramatic and immediate.

**Myofascial release.** Gentle, sustained pressure applied to the fascial connective tissue to release restrictions. Fascia surrounds every muscle, organ, and nerve in the body, and fascial restrictions can cause pain and movement limitation far from their source.

**Compression.** Rhythmic pressing into muscle tissue, used particularly on large muscle groups. Common in equine massage.

**Tapotement.** Light, rhythmic tapping or percussion used to stimulate circulation and muscle responsiveness. Used selectively and not on all patients.

**Passive range of motion.** Gentle movement of joints through their natural range, often performed after the surrounding muscles have been relaxed. This is not the same as chiropractic adjustment — there is no thrust. The therapist gently moves the limb to assess and maintain joint mobility.

### What Your Pet Experiences

Most animals go through a predictable progression during massage:

1. **Initial alertness.** Especially on the first visit, the animal may be watchful and slightly tense as an unfamiliar person handles them.
2. **Relaxation onset.** Within 5 to 10 minutes, most animals begin to relax. Dogs lower their heads, lean into the therapist, or lie down. Horses drop their heads, lick and chew, or cock a hind leg. Cats begin purring or kneading.
3. **Deep relaxation.** As the session progresses, many animals enter a profoundly relaxed state. Some fall asleep. Muscle twitches, deep sighing, and yawning are common signs of tension release.
4. **Occasional sensitivity.** When the therapist works on a particularly tight or sore area, the animal may flinch, look back, or tense briefly. A skilled therapist recognizes this and adjusts their pressure accordingly. Pain is never the goal.

### Step 3: Post-Session Discussion

After the massage, the therapist discusses:
- **What they found** — areas of significant tension, trigger points, muscle imbalances
- **How it relates** to your pet's symptoms or performance issues
- **Recommendations** — treatment frequency, home care techniques, stretches, or exercises
- **Referrals** — if they identified issues that would benefit from chiropractic, acupuncture, or veterinary evaluation

Many therapists will teach owners basic massage techniques to use between professional sessions. Gentle effleurage along the spine, light compressions on major muscle groups, and ear massage for relaxation are all things owners can safely do at home.

## What Happens After the Session

**Increased relaxation.** Most animals are noticeably calmer and sleepier after massage. This can last several hours to a full day.

**Increased water intake.** Massage releases metabolic waste products from muscle tissue. Encourage your pet to drink after the session.

**Mild soreness.** Some animals, particularly those with significant muscle tension, may be slightly sore for 24 hours after deep tissue work. This is normal and resolves quickly.

**Improved mobility.** Many owners notice their pet moves more freely within hours of the first session. Dogs that had been stiff getting up may rise more easily. Horses may move with greater fluidity.

**Post-session care:**
- Provide fresh water and encourage drinking
- Allow your pet to rest — avoid strenuous exercise for 24 hours
- Note any changes in mobility, behavior, or comfort level

## How Many Sessions Will My Pet Need?

- **Acute issues** (muscle strain, post-surgical): 3 to 6 sessions over 2 to 4 weeks
- **Chronic conditions** (arthritis, long-standing tension): 4 to 8 sessions initially, then transitioning to maintenance
- **Maintenance** (athletic animals, senior pets): Every 2 to 4 weeks
- **Performance animals:** Before and after competitions or intense training periods

Most practitioners recommend starting with weekly sessions and gradually spacing them out as the condition improves.

## What Does It Cost?

- **Initial assessment + first session (small animals):** $75 to $150
- **Follow-up sessions (small animals):** $50 to $100
- **Equine sessions:** $75 to $175
- **Package pricing:** Many therapists offer packages of 4 to 6 sessions at a reduced per-session rate

Massage therapy is one of the most affordable holistic modalities, and some pet insurance plans cover it when prescribed by a veterinarian.

## Contraindications

Massage is generally very safe, but it should be avoided or modified in certain situations:

- **Fever or active infection** — massage can spread infection through increased circulation
- **Acute inflammation or injury** (first 48 to 72 hours) — heat and increased blood flow can worsen acute inflammation
- **Known or suspected fractures**
- **Skin conditions** — open wounds, fungal infections, or contagious skin conditions in the treatment area
- **Blood clotting disorders** or animals on anticoagulant therapy
- **Directly over tumors** — increased circulation could theoretically promote spread

A qualified therapist screens for these conditions before every session.

## Finding a Veterinary Massage Therapist

Our [directory of holistic veterinarians](/specialties/) lets you search for practices offering massage therapy by location. Many massage therapists also work alongside veterinary acupuncturists, chiropractors, and rehabilitation specialists, offering your pet access to a comprehensive care team.

[Find a veterinary massage therapist near you →](/specialty/massage-therapy/)

## The Bottom Line

Veterinary massage therapy is effective, safe, and enjoyable for the patient. It addresses a fundamental truth about animal health: muscles matter. Pain, stiffness, compensatory movement, and stress all manifest in the muscular system, and hands-on work is often the most direct way to resolve them.

Whether your pet is recovering from surgery, managing chronic pain, competing at a high level, or simply getting older and stiffer, massage therapy offers tangible benefits with virtually no risk. And the best part — your pet will almost certainly look forward to going back.","Veterinary massage therapy is a hands-on treatment that relieves pain, reduces stress, and supports recovery. Here is a practical guide to what actually happens during a session and how to know if your pet is a good candidate.",Kevin Collins,2026-04-06,https://res.cloudinary.com/dnmrgvjdm/image/upload/v1773758534/VetMassage_tk9pwi.png,"Considering massage therapy for your dog, cat, or horse? Learn what veterinary massage involves, what conditions it helps, and what to expect during your pet's first session.",Published,what-to-expect-veterinary-massage-therapy,,,
What to Expect from Veterinary Homeopathy,"Of all the holistic modalities available in veterinary medicine, homeopathy is perhaps the most misunderstood. It is not herbal medicine, it is not nutritional therapy, and it is not a general term for natural health care. Homeopathy is a distinct system of medicine with its own principles, its own diagnostic approach, and its own body of clinical literature stretching back over 200 years.

Whether you have been referred by your conventional vet, heard about it from another pet owner, or discovered it through your own research, you probably have questions about what homeopathic treatment actually involves. This guide walks you through the process from first consultation to follow-up care.

## What Is Veterinary Homeopathy?

Homeopathy is based on the principle of ""like cures like"" — the idea that a substance that produces certain symptoms in a healthy individual can, in highly diluted form, stimulate the body to heal those same symptoms in a sick individual. This principle was first articulated by the German physician Samuel Hahnemann in the late 1700s and has been applied to animal medicine for nearly as long.

Homeopathic remedies are prepared through a process of serial dilution and succussion (vigorous shaking). The resulting preparations are highly diluted — far beyond what conventional pharmacology would consider an active dose. This is the aspect of homeopathy that generates the most debate. Proponents point to clinical outcomes and a growing body of research, while skeptics question the mechanism of action.

What is not debatable is that many veterinarians trained in homeopathy report significant clinical results, particularly for chronic conditions that have not responded well to conventional treatment. Pet owners who pursue homeopathic care are typically looking for a gentler approach with fewer side effects, especially for long-term health issues.

## Who Practices Veterinary Homeopathy?

Veterinary homeopathy should only be practiced by a licensed veterinarian with additional training in homeopathic medicine. Key credentials include:

- **AVH** (Academy of Veterinary Homeopathy) — the primary professional organization for veterinary homeopaths in North America. AVH-certified veterinarians have completed extensive coursework and demonstrated clinical proficiency.
- **IAVH** (International Association for Veterinary Homeopathy) — the global organization for veterinary homeopaths.
- **The Pitcairn Institute of Veterinary Homeopathy** — founded by Dr. Richard Pitcairn, one of the pioneers of veterinary homeopathy in the United States. Graduates of this program receive rigorous training in classical homeopathic prescribing.

Classical homeopaths — those who follow Hahnemann's original methodology most closely — typically prescribe one remedy at a time and wait to observe the patient's full response before making changes. This is different from some practitioners who use multiple remedies simultaneously or use homeopathic remedies as part of a broader integrative protocol.

You can [find homeopathic veterinarians near you](/specialty/homeopathy/) in our directory.

## Understanding Classical Homeopathy

To understand what happens during a homeopathic consultation, it helps to understand the basic principles:

**The totality of symptoms.** Homeopathy does not treat diseases — it treats patients. The homeopath considers every symptom the patient is experiencing, including physical symptoms, behavioral changes, emotional patterns, and environmental preferences. The goal is to find the single remedy that matches the total picture of the patient, not just the primary complaint.

**Individualization.** Ten dogs with the same Western diagnosis might each receive a different homeopathic remedy, because each dog presents the disease differently. One arthritic dog is worse in cold weather and better with gentle movement. Another is worse in the morning and better with warmth. These differences determine the remedy selection.

**Minimum dose.** Homeopaths use the smallest dose that will stimulate a healing response. This typically means highly diluted remedies given infrequently — sometimes a single dose with weeks or months of observation before repeating or changing the prescription.

**The vital force.** Homeopathy views the body as having an inherent self-healing capacity. The remedy does not treat the disease directly. Instead, it stimulates the body's own healing mechanisms to resolve the problem from within.

## Before the Appointment: How to Prepare

Preparation for a homeopathic consultation is more involved than for most veterinary visits, because the homeopath needs an extraordinary amount of detail about your pet:

**Observe your pet closely for several days beforehand.** Note everything — when they sleep, where they sleep, how they respond to weather changes, what positions they prefer, how they interact with other animals and people, what makes their symptoms better or worse.

**Write detailed notes.** The homeopath will ask questions you have probably never been asked by a vet. Having notes prepared saves time and ensures you do not forget important details.

**Bring complete medical records.** All diagnoses, lab work, imaging, medications, and treatment history. The homeopath needs to understand what has already been tried and how the patient responded.

**List all current medications, supplements, and treatments.** Some substances can interfere with homeopathic remedies. The practitioner needs to know everything your pet is currently receiving.

**Plan for a long appointment.** A first homeopathic consultation typically takes 90 minutes to 2 hours. This is not a quick office visit — it is a deep investigation into your pet's complete health picture.

## What Happens During the First Consultation

### Step 1: The Homeopathic Interview (60-90 minutes)

This is the core of the consultation and it is unlike any veterinary appointment you have experienced. The homeopath will ask extensive questions covering:

**The chief complaint in extreme detail.** Not just ""my dog has skin problems,"" but:
- When exactly did it start? Was there a triggering event?
- Where on the body did it begin? How has it spread?
- What does it look like — dry, moist, crusty, red, hot, cold?
- Is there itching? When is the itching worst — day or night? After eating? In certain weather?
- What makes it better — cold applications, warm baths, scratching, leaving it alone?
- What makes it worse — heat, cold, damp weather, certain foods, stress?

**General symptoms and tendencies:**
- Temperature preferences — does your pet seek warmth or cool surfaces?
- Thirst patterns — how much water, how often, cold or room temperature?
- Appetite — voracious, picky, worse at certain times of day?
- Sleep patterns — positions, location, restlessness, dreaming?
- Energy levels — when are they highest and lowest?
- Response to weather — worse in rain, wind, heat, cold, humidity?

**Behavioral and emotional patterns:**
- Fears — thunderstorms, strangers, being alone, loud noises?
- Social behavior — clingy, independent, aggressive, submissive?
- Response to consolation — do they want comfort when sick or prefer to be alone?
- Jealousy, possessiveness, territorial behavior?
- How do they respond to being disciplined or scolded?

**Past medical history:**
- Previous illnesses and how they resolved
- Reactions to vaccines or medications
- Family health history (if known)
- Birth and early life circumstances (if known)

Every detail matters in homeopathy. A symptom that seems irrelevant to conventional medicine — like a dog that always sleeps with its head hanging off the bed — might be the key to selecting the correct remedy. The homeopath is building a complete portrait of the individual patient.

### Step 2: Physical Examination

The homeopath performs a standard veterinary physical exam, enhanced by observations specific to homeopathic prescribing:

- **Skin and coat quality** — texture, temperature, moisture, odor
- **Discharges** — color, consistency, odor, irritation patterns
- **Gland and lymph node assessment**
- **Pain patterns** — location, quality, what aggravates and relieves
- **Tongue and pulse** (some homeopaths incorporate these, especially those with TCVM cross-training)
- **General appearance** — body condition, posture, energy, alertness

### Step 3: Case Analysis and Remedy Selection

After the interview and exam, the homeopath analyzes the case. This process can take significant time — sometimes the remedy is selected during the appointment, and sometimes the homeopath needs hours or days to study the case before prescribing.

**Repertorization.** The homeopath translates the patient's symptoms into rubrics — standardized symptom descriptions used in homeopathic reference texts (called repertories). These rubrics are cross-referenced to identify which remedy covers the greatest number of the patient's characteristic symptoms.

Modern homeopaths often use software for this process, which can search thousands of remedies and symptoms simultaneously. However, software is a tool — the final remedy selection requires clinical judgment and experience.

**Materia medica study.** Once the repertorization narrows the field to a few candidate remedies, the homeopath reads the detailed descriptions of those remedies in the materia medica (the comprehensive reference text describing each remedy's known effects). The remedy that most closely matches the patient's total picture is selected.

### Step 4: Prescription

The homeopath prescribes:
- **The remedy** — identified by its Latin name (e.g., Arsenicum album, Pulsatilla, Sulphur)
- **The potency** — the dilution strength (e.g., 30C, 200C, 1M). Higher potencies are generally reserved for more experienced prescribers and clearer symptom pictures.
- **The dosing schedule** — how often to give the remedy. In classical homeopathy, this is often a single dose or a few doses, followed by a waiting period to observe the response.
- **What to watch for** — expected signs of improvement, possible aggravation, and when to report back.

Remedies come as small pellets, liquid drops, or tablets. They are typically given directly into the mouth or dissolved in water. They are tasteless or slightly sweet, and most animals accept them easily.

## What Happens After the Remedy Is Given

**The observation period.** After giving the remedy, the homeopath asks you to observe your pet carefully and report changes. This observation period is critical — it tells the homeopath whether the remedy is working and guides the next step.

**Possible initial aggravation.** Some patients experience a brief worsening of symptoms in the first 24 to 72 hours. In homeopathic theory, this is considered a positive sign — it indicates the remedy has engaged the vital force. The aggravation is typically mild and resolves on its own, followed by improvement.

**Signs of a good response:**
- The pet seems brighter, more energetic, more engaged
- Emotional or behavioral symptoms improve before physical symptoms
- Symptoms begin resolving in a pattern — from more important organs to less important, from inside out, from top down, or in reverse chronological order
- Appetite, sleep, and overall well-being improve

**Timeline for improvement.** Acute conditions may respond within hours. Chronic conditions typically show initial signs of improvement within 1 to 4 weeks, with continued progress over months. Deep, long-standing conditions may require several remedy changes over many months.

## Follow-Up Appointments

Follow-up visits are shorter (30 to 45 minutes) and focus on:
- What has changed since the remedy was given
- New symptoms that have appeared
- Symptoms that have improved or worsened
- Overall energy, mood, and well-being

Based on this assessment, the homeopath may:
- **Wait and watch** — if the remedy is working, no change is made
- **Repeat the same remedy** — if improvement has plateaued
- **Change the potency** — if the remedy is correct but needs a different strength
- **Prescribe a new remedy** — if the symptom picture has shifted or the first remedy was not the best match

## What Conditions Does Veterinary Homeopathy Treat?

Homeopathy is used for a wide range of conditions, with particular strength in:

**Chronic skin conditions** — allergies, recurring hot spots, eczema, autoimmune skin disease. Skin conditions are among the most common reasons pet owners seek homeopathic care.

**Behavioral issues** — anxiety, fear, aggression, compulsive behaviors, grief. Homeopathy's individualized approach is well suited to behavioral conditions where the emotional picture is central.

**Digestive disorders** — inflammatory bowel disease, chronic vomiting, diarrhea, food sensitivities.

**Respiratory conditions** — chronic cough, asthma, recurring upper respiratory infections.

**Musculoskeletal pain** — arthritis, injuries, post-surgical recovery.

**Autoimmune conditions** — where conventional immunosuppressive therapy carries significant side effects.

**Acute conditions** — injuries, bites, stings, acute infections. Many homeopaths also use remedies for first aid and acute situations.

**Senior pet support** — cognitive decline, incontinence, general debility.

## How Many Visits Will My Pet Need?

- **Acute conditions:** 1 to 3 visits over days to weeks
- **Chronic conditions:** 4 to 8 visits over months, with visits spaced further apart as improvement progresses
- **Long-standing complex cases:** Ongoing care over 6 to 12+ months

The timeline depends on the depth and duration of the condition, the patient's overall vitality, and the accuracy of the remedy selection. Homeopathic treatment is often slower than conventional medicine but aims for deeper, more lasting resolution.

## What Does It Cost?

- **Initial consultation (90-120 minutes):** $200 to $400
- **Follow-up visits (30-45 minutes):** $75 to $175
- **Remedies:** $10 to $25 per remedy (homeopathic remedies are very inexpensive)
- **Phone or email follow-ups:** Many homeopaths include brief check-ins between visits at no additional charge

The remedies themselves are among the least expensive treatments in veterinary medicine. The primary cost is the practitioner's time and expertise in case analysis.

## Finding a Veterinary Homeopath

Veterinary homeopathy requires significant training beyond veterinary school, and the number of qualified practitioners is smaller than for modalities like acupuncture or chiropractic. If there is no certified veterinary homeopath in your area, many practitioners offer consultations by phone or video, working in coordination with your local veterinarian for physical exams and diagnostics.

Our [directory of holistic veterinarians](/specialties/) lets you search for homeopathy practitioners by location.

[Find a veterinary homeopath near you →](/specialty/homeopathy/)

## The Bottom Line

Veterinary homeopathy is not a quick fix. It requires patience, detailed observation, and trust in a process that works differently from anything in conventional medicine. The first appointment is long. The questions are unusual. The remedy may be a single dose of something you have never heard of, followed by weeks of watching and waiting.

But for pet owners whose animals have chronic conditions that conventional medicine has not fully resolved — or for those who want an approach that works with the body rather than against the disease — homeopathy offers a genuinely different path. The investment of time and attention often pays off in ways that surprise even skeptical owners.","Veterinary homeopathy is one of the most individualized forms of holistic medicine. If your pet has been recommended homeopathic treatment, here is a practical guide to what the process actually looks like.",Kevin Collins,2026-04-06,https://res.cloudinary.com/dnmrgvjdm/image/upload/v1773758146/HomeopathyExpectations_hg0wim.png,"Considering homeopathy for your pet? Learn what veterinary homeopathy involves, how remedies are selected, what conditions it treats, and what to expect at your first consultation.",Published,what-to-expect-veterinary-homeopathy,,,
What to Expect from Veterinary Laser Therapy,"Of all the holistic modalities available in veterinary medicine, laser therapy may be the easiest entry point for pet owners who are new to integrative care. There are no needles, no pills, no manual manipulation. Your pet sits or lies down comfortably while a device emitting focused light is held over the treatment area. Sessions are quick — typically 5 to 20 minutes — and most animals visibly relax during the process.

But behind that simplicity is real science. Veterinary laser therapy uses specific wavelengths of light to trigger biological changes at the cellular level: reducing inflammation, accelerating tissue repair, and modulating pain signaling. It is used by conventional and holistic veterinarians alike, making it one of the most widely available and well-accepted complementary treatments in animal medicine.

If your vet has recommended laser therapy or you are exploring it on your own, here is what to expect.

## What Is Veterinary Laser Therapy?

Laser therapy — also called photobiomodulation (PBM) or cold laser therapy — uses light energy to stimulate healing at the cellular level. The term ""cold laser"" distinguishes therapeutic lasers from surgical lasers. Therapeutic lasers do not cut tissue or generate significant heat. Instead, they deliver photons of light at specific wavelengths (typically 800 to 980 nanometers) that penetrate the skin and are absorbed by cells.

When cells absorb this light energy, several things happen:

**Increased ATP production.** ATP is the energy currency of cells. Laser light stimulates the mitochondria — the energy-producing structures inside cells — to produce more ATP. Cells with more energy heal faster, function better, and resist damage more effectively.

**Enhanced blood flow.** Laser therapy causes local vasodilation — the widening of blood vessels — which increases blood flow to the treatment area. Better blood flow means more oxygen and nutrients reaching damaged tissue and more efficient removal of waste products and inflammatory mediators.

**Reduced inflammation.** Laser light modulates the inflammatory cascade, reducing the production of pro-inflammatory compounds and increasing anti-inflammatory activity. This provides pain relief without the side effects of pharmaceutical anti-inflammatories.

**Pain modulation.** Laser therapy affects nerve conduction, reducing the transmission of pain signals. It also triggers the release of endorphins — the body's natural painkillers.

**Accelerated tissue repair.** By increasing cellular energy and blood flow, laser therapy speeds up the healing of wounds, surgical incisions, bone fractures, and damaged soft tissue.

These effects are not theoretical. They have been documented in hundreds of peer-reviewed studies across both human and veterinary medicine.

## Types of Veterinary Lasers

Not all therapeutic lasers are the same. The two main categories are:

**Class III lasers (cold lasers).** These are lower-powered devices (up to 500 milliwatts). They are effective for superficial conditions and smaller treatment areas. Treatment times are longer because the energy delivery rate is slower. Class III lasers were the first generation of therapeutic lasers in veterinary medicine and are still widely used.

**Class IV lasers.** These are higher-powered devices (over 500 milliwatts, with many veterinary units operating at 6 to 15 watts). They deliver energy faster and penetrate deeper into tissue, making them more effective for deep structures like joints, the spine, and large muscle groups. Most modern veterinary practices that offer laser therapy use Class IV devices.

Common veterinary laser brands include Companion (LiteCure), K-Laser, Cutting Edge (MLS), and Respond Systems. The specific brand matters less than the practitioner's training in how to use it effectively.

## Who Performs Veterinary Laser Therapy?

Laser therapy is typically performed by a licensed veterinarian or a trained veterinary technician under veterinary supervision. Unlike acupuncture or chiropractic, there is no separate national certification body for veterinary laser therapy, but responsible practitioners complete manufacturer training programs and continuing education in photobiomodulation science.

When evaluating a practice, reasonable questions include:
- What class of laser do you use?
- What training has your staff completed in laser therapy?
- How do you determine treatment protocols (wavelength, power, duration)?

A knowledgeable practitioner should be able to explain their treatment parameters and why they chose them for your pet's specific condition.

You can [find practices offering laser therapy](/specialty/laser-therapy/) in our directory.

## What Conditions Does Laser Therapy Treat?

Laser therapy is one of the most versatile modalities in veterinary medicine. Its strongest evidence base is in the following areas:

**Arthritis and joint pain.** This is the most common application. Laser therapy reduces joint inflammation and pain, often allowing a reduction in NSAID dosage. It is particularly valuable for senior pets who cannot tolerate long-term pharmaceutical pain management.

**Post-surgical healing.** Laser therapy accelerates incision healing, reduces post-operative swelling and pain, and can decrease the need for pain medication during recovery. Many surgical practices now include laser therapy as a standard part of their post-operative protocol.

**Wounds and skin conditions.** Open wounds, hot spots, lick granulomas, ear infections, and surgical sites all respond well to laser therapy. The accelerated cellular repair and antimicrobial effects of certain wavelengths make it effective for both healing and infection management.

**Intervertebral disc disease (IVDD).** Laser therapy is frequently used as part of conservative management for disc disease, reducing inflammation around the spinal cord and supporting nerve recovery. It is also used post-surgically for disc patients.

**Muscle, tendon, and ligament injuries.** Strains, sprains, tendonitis, and soft tissue injuries heal faster with laser therapy. It is commonly used in canine sports medicine and equine rehabilitation.

**Fracture healing.** Laser therapy has been shown to accelerate bone repair by stimulating osteoblast activity — the cells responsible for building new bone.

**Chronic pain from any cause.** Even when the underlying condition cannot be cured, laser therapy provides meaningful pain relief that improves quality of life. It is used for cancer pain, neuropathic pain, and pain from degenerative conditions.

**Oral and dental conditions.** Stomatitis (oral inflammation, especially common in cats), gingivitis, and post-dental extraction healing respond to intraoral laser therapy.

**Rehabilitation.** Laser therapy is a standard tool in veterinary physical rehabilitation, used before exercise sessions to warm tissue and reduce pain, and after sessions to manage inflammation.

## Before the Appointment

Laser therapy requires minimal preparation:

**No fasting needed.** Your pet can eat normally before the appointment.

**Wear normal clothing.** There is no special preparation needed for the owner, though the practitioner and anyone in the treatment area will wear protective laser safety goggles during the session. You will be provided with a pair as well.

**Inform the practitioner of any skin conditions.** Active skin infections, open draining wounds, or areas of compromised skin should be noted so the practitioner can adjust the treatment approach.

**Mention any medications.** While laser therapy has very few drug interactions, the practitioner should know if your pet is on photosensitizing medications (some antibiotics and antifungals), which can increase skin sensitivity to light.

**Allow 30 to 45 minutes for the first visit.** The treatment itself may only take 10 to 20 minutes, but the first visit includes an assessment and treatment planning.

## What Happens During a Laser Therapy Session

### Step 1: Assessment (First Visit Only)

On the first visit, the practitioner evaluates your pet's condition to design the treatment protocol. This includes:

- **Review of medical records and current diagnosis**
- **Physical examination** of the treatment area — location, size, depth, and severity of the problem
- **Pain assessment** — palpation of the affected area, gait evaluation for orthopedic conditions
- **Protocol design** — determining the appropriate wavelength, power, energy density (joules per square centimeter), and treatment time based on the condition, the tissue depth, and your pet's size and coat color

Coat color and skin pigmentation matter because darker skin and fur absorb more light energy at the surface, which can affect how much energy reaches the deeper target tissue. Practitioners adjust their protocols accordingly.

### Step 2: Positioning

Your pet is positioned comfortably for treatment. For most conditions, the animal can sit, stand, or lie down — whatever position gives the practitioner access to the treatment area while keeping the pet relaxed.

- **Dogs** are usually treated on a padded table or on the floor. Many dogs lie down and relax.
- **Cats** can be treated on a table, in their owner's lap, or even partially in a carrier if they are anxious. The treatment is gentle enough that most cats tolerate it well.
- **Horses** are treated standing, often in cross-ties or held by a handler.

No sedation is required. No fur needs to be shaved (though for some deeper treatments, clipping the hair over the treatment area may improve energy delivery).

### Step 3: The Treatment (5-20 minutes)

**Safety goggles go on.** Everyone in the room, including the pet, wears protective eyewear. Direct laser light can damage the retina, and this precaution is standard.

**The laser handpiece is applied.** The practitioner holds the laser probe in direct contact with the skin or moves it slowly over the treatment area, depending on the technique. Contact mode delivers energy more efficiently. Scanning mode covers larger areas.

**What your pet feels.** Most animals feel a gentle warmth in the treatment area. This warmth is mild and pleasant — similar to the feeling of sunlight on skin. Many dogs and cats relax visibly during treatment, and some fall asleep. Horses often lower their heads and show signs of relaxation.

**What your pet does NOT feel.** There is no pain, no vibration, no electrical sensation, and no pressure. If at any point the animal shows signs of discomfort, the practitioner adjusts the power or technique immediately.

**Treatment patterns.** The practitioner works systematically over the affected area, ensuring even energy distribution. For a dog with bilateral hip arthritis, they would treat both hips, the lumbar spine, and the associated muscle groups. For a wound, they treat the wound bed and the surrounding healthy tissue to support healing from the edges inward.

### Step 4: Post-Treatment

After the goggles come off, the appointment is essentially over. There is no recovery period. Your pet can walk, eat, and resume normal activity immediately.

The practitioner will discuss:
- **What to expect** in the hours and days following treatment
- **The recommended treatment schedule** — how many sessions, how frequently
- **Any signs of improvement** to watch for
- **Home care recommendations** that support the laser therapy

## What Happens After the Session

**Immediate effects.** Many pet owners notice their animal is more comfortable within hours of the first treatment. Pain relief from laser therapy can last 12 to 48 hours after a session, building cumulatively with subsequent treatments.

**No downtime.** Unlike some treatments, laser therapy requires no rest period. Your pet can return to normal activity immediately, though you should continue to follow any exercise restrictions related to the underlying condition.

**Cumulative benefit.** The effects of laser therapy build over multiple sessions. The first session may provide temporary relief. By the third or fourth session, most owners notice more sustained improvement.

**Occasional responses.** Rarely, a pet may seem slightly more sore in the first 12 to 24 hours after treatment. This is analogous to the mild soreness some people experience after a deep tissue massage — it resolves quickly and is not a cause for concern.

## How Many Sessions Will My Pet Need?

Treatment frequency depends on the condition:

**Acute conditions** (post-surgical, recent injury, wound):
- 3 to 6 sessions
- Daily or every other day initially, then tapering

**Chronic conditions** (arthritis, degenerative disc disease, chronic pain):
- 6 to 10 initial sessions
- 2 to 3 times per week initially, then reducing to weekly
- Many patients transition to maintenance sessions every 2 to 4 weeks

**Maintenance and prevention** (senior pets, athletic dogs, performance horses):
- Every 2 to 4 weeks on an ongoing basis

Your practitioner will design a protocol based on your pet's specific diagnosis and response to treatment. It is common to start with a more intensive schedule and taper as improvement is achieved.

## What Does It Cost?

Laser therapy is one of the more affordable holistic modalities:

- **Per session:** $40 to $100, depending on the treatment area and duration
- **Initial assessment + first treatment:** $100 to $200
- **Packages** (6 to 10 sessions): Many practices offer package pricing at $35 to $75 per session
- **As an add-on:** When included as part of a surgical or rehabilitation visit, laser therapy may cost an additional $25 to $60

Because sessions are short and do not require sedation or extensive equipment beyond the laser itself, laser therapy tends to be less expensive per session than acupuncture or chiropractic care.

## Laser Therapy vs. Other Modalities

Pet owners sometimes wonder how laser therapy compares to other holistic treatments:

**Laser therapy vs. acupuncture.** Both reduce pain and inflammation, but through different mechanisms. They are frequently used together — acupuncture for systemic and neurological effects, laser therapy for targeted local treatment. Many practitioners offer both in the same session.

**Laser therapy vs. chiropractic.** Chiropractic addresses joint mechanics and alignment. Laser therapy addresses tissue inflammation and healing at the cellular level. They complement each other well for musculoskeletal conditions.

**Laser therapy vs. medication.** Laser therapy can reduce the need for pain medications, particularly NSAIDs, which carry risks of liver, kidney, and gastrointestinal side effects with long-term use. It is not typically a complete replacement for medication but often allows dosage reduction.

## Safety and Contraindications

Laser therapy is one of the safest modalities in veterinary medicine, but there are a few situations where it should be used with caution or avoided:

- **Over known tumors or cancer sites** — laser therapy increases blood flow and cellular activity, which could theoretically promote tumor growth. Use over known malignancies is generally avoided unless specifically directed by an oncologist for pain management.
- **Over the pregnant uterus** — as a precaution
- **Directly into the eyes** — this is why protective goggles are mandatory
- **Over growth plates in young animals** — a theoretical concern, though clinical evidence of harm is lacking
- **Over the thyroid gland** — particularly in cats, to avoid stimulating thyroid tissue

A qualified practitioner screens for these contraindications before treatment.

## Finding a Practice That Offers Laser Therapy

Laser therapy is available at many veterinary practices — both conventional and holistic. It is one of the most widely adopted complementary treatments in veterinary medicine, which means you may not need to travel far to find a practitioner.

When choosing a practice, ask about:
- The class and brand of laser they use
- The training their staff has completed
- How they design treatment protocols (one-size-fits-all versus individualized)
- Whether they offer package pricing for conditions that require multiple sessions

Our [directory of holistic veterinarians](/specialties/) lets you search for laser therapy practitioners by location. Many of these practices also offer acupuncture, chiropractic, and rehabilitation services, giving your pet access to a multimodal approach.

[Find a laser therapy practitioner near you →](/specialty/laser-therapy/)

## The Bottom Line

Laser therapy is gentle, quick, affordable, and effective. It is backed by a strong body of research, requires no sedation or recovery time, and is well tolerated by virtually every species and temperament. For pet owners who are hesitant about holistic care, it is often the modality that changes their mind — because the results are hard to argue with.

Whether your pet is recovering from surgery, managing chronic arthritis, healing from a wound, or dealing with pain that has not responded fully to medication, laser therapy is worth trying. The first session takes less than half an hour, your pet will likely enjoy it, and you may see improvement before you even get home.","Veterinary laser therapy is one of the most accessible and widely used holistic modalities. It is painless, requires no sedation, and sessions are quick. Here is exactly what happens during a laser therapy appointment.",Kevin Collins,2026-04-04,https://res.cloudinary.com/dnmrgvjdm/image/upload/v1773712579/laser_ezrjj6.png,"Considering laser therapy for your pet? Learn what veterinary laser therapy involves, how it works, what conditions it treats, and what to expect during and after a session.",Published,what-to-expect-veterinary-laser-therapy,,,
Your Pet's First TCVM Consultation: What to Know,"You may have heard of acupuncture for pets. You may even know that herbal medicine is available for animals. But you might not realize that these are individual components of a much larger system — Traditional Chinese Veterinary Medicine, or TCVM.

TCVM is not a single treatment. It is a complete approach to animal health that has been practiced for over 3,000 years and is now taught in veterinary schools and continuing education programs worldwide. It includes four branches: acupuncture, herbal medicine, food therapy, and Tui-na (a form of therapeutic massage). What makes TCVM distinctive is not just the treatments themselves, but the diagnostic framework behind them — a way of understanding disease that is fundamentally different from Western medicine and often reveals things that conventional diagnostics miss.

If your pet has been referred to a TCVM practitioner or you are considering it on your own, this guide explains what the experience will look like.

## What Makes TCVM Different from Other Holistic Approaches?

Most holistic modalities borrow specific techniques from traditional medicine and apply them within a Western medical framework. A veterinarian might add acupuncture to a pain management protocol, or prescribe an herbal supplement for liver support, using the same diagnostic logic as conventional medicine.

TCVM practitioners do something different. They use an entirely separate diagnostic system that evaluates the patient through a different lens. Where Western medicine asks ""What disease does this animal have?"" TCVM asks ""What pattern of imbalance is producing these symptoms?""

This distinction matters clinically. Two dogs might both be diagnosed with arthritis in Western terms, but a TCVM practitioner might diagnose one with Cold Bi Syndrome and the other with Damp Heat Bi Syndrome. These two patterns would receive completely different acupuncture point prescriptions, different herbal formulas, and different dietary recommendations — because the underlying imbalance is different even though the Western diagnosis is the same.

This pattern-based approach is why TCVM sometimes helps patients who have not responded to conventional treatment. It is looking at the problem from a different angle.

## Who Practices TCVM?

TCVM should be practiced by a licensed veterinarian with specific postgraduate training. The primary training programs include:

- **Chi Institute** (founded by Dr. Huisheng Xie) — the largest TCVM training program in the world, offering certification tracks in acupuncture, herbal medicine, food therapy, and Tui-na. Located in Florida with courses taught internationally.
- **Chi University** — the graduate-level academic extension of the Chi Institute, offering master's and doctoral programs in TCVM.
- **IVAS** (International Veterinary Acupuncture Society) — offers acupuncture certification with some TCVM content, though its curriculum is less focused on the full TCVM diagnostic system.

Look for practitioners with credentials like CVA (Certified Veterinary Acupuncturist) along with specific training in Chinese herbal medicine and food therapy. A practitioner who has completed the full Chi Institute curriculum will typically list multiple certifications.

You can [search for TCVM practitioners in our directory](/specialty/traditional-chinese-veterinary-medicine-tcvm/).

## Before the Appointment

**Bring complete medical records.** Bloodwork, imaging, surgical history, current medications, and supplements. TCVM practitioners are also licensed veterinarians and need the Western medical picture to practice safely.

**Do not fast your pet.** The practitioner will want to examine the tongue, which is best done when the animal has not just eaten but is not fasted either.

**Note details that might seem unrelated.** TCVM diagnosis considers information that Western medicine may not ask about: Does your pet seek warm spots or cool floors? Do they drink a lot of water or very little? Are symptoms worse at night or in the morning? Is there a seasonal pattern? Write these observations down.

**Allow extra time.** A first TCVM visit typically runs 75 to 90 minutes. The diagnostic process is thorough and the practitioner will take time to explain their findings and treatment plan.

## What Happens During the First Visit

### Step 1: The TCVM History (20-30 minutes)

The conversation at a TCVM appointment covers familiar ground — chief complaint, medical history, medications — but then expands into areas you may not expect:

**Constitutional questions.** The practitioner will ask about your pet's personality and temperament. Are they bold or timid? Sociable or aloof? Active or sedentary? Anxious or confident? In TCVM, temperament reflects constitutional type and helps guide treatment.

**Environmental preferences.** Does your pet seek warmth or coolness? Do they prefer hard surfaces or soft bedding? Do they like to burrow under blankets or sprawl on tile? These preferences indicate the body's thermal balance and are clinically significant.

**Appetite and thirst patterns.** Not just how much your pet eats and drinks, but how they eat. Voracious or picky? All at once or grazing throughout the day? Thirsty for cold water or indifferent to drinking?

**Elimination patterns.** Consistency, frequency, color, and odor of stool and urine. In TCVM, these details provide direct information about organ function and internal balance.

**Symptom timing and triggers.** Are symptoms worse in cold weather or hot weather? Morning or evening? Damp days or dry days? Seasonal patterns? Temporal patterns help identify the type of imbalance.

**Emotional and behavioral patterns.** Fear, aggression, restlessness, clinginess, withdrawal. TCVM views emotional states as connected to specific organ systems — not metaphorically, but diagnostically.

### Step 2: The TCVM Physical Examination

The physical exam includes everything a conventional exam covers, plus TCVM-specific assessments:

**Tongue diagnosis.** The practitioner will examine the color, moisture, coating, and shape of your pet's tongue. A pale, wet tongue suggests a different pattern than a red, dry tongue. The tongue is considered a direct reflection of internal organ health.

In dogs, this is usually straightforward — most dogs will readily show their tongue. In cats, it requires patience and gentle technique. In horses, practitioners may examine the oral mucosa rather than the tongue itself.

**Pulse diagnosis.** The practitioner palpates the femoral artery (in dogs and cats) or digital artery (in horses) at specific points, assessing the quality of the pulse. They are not measuring heart rate — they are evaluating the character of the pulse: Is it strong or weak? Rapid or slow? Thin or full? Slippery or wiry?

Different pulse qualities correspond to different organ system imbalances. An experienced TCVM practitioner can gather significant diagnostic information from pulse assessment alone.

**Acupuncture point palpation.** Specific acupuncture points become sensitive or reactive when there is a problem in the associated organ system or body region. The practitioner systematically checks diagnostic points along the back (called Back Shu points) and other locations, noting which ones produce a pain response.

**Observation of Shen.** ""Shen"" roughly translates to spirit or vitality. The practitioner observes the brightness of your pet's eyes, their alertness, their responsiveness, and their overall presence. Shen assessment provides information about the patient's prognosis and overall vitality.

### Step 3: Pattern Diagnosis

After gathering all of this information, the practitioner synthesizes it into a TCVM pattern diagnosis. This is the foundation of the treatment plan.

Common TCVM patterns seen in veterinary practice include:

- **Qi Deficiency** — fatigue, weakness, poor appetite, soft stool, pale tongue. The body lacks fundamental energy.
- **Blood Stasis** — fixed pain, dark tongue, masses or lumps. Circulation is impaired.
- **Yin Deficiency** — restlessness, heat-seeking behavior in reverse (the animal runs warm), dry skin, thirst. The cooling, moistening aspect of the body is depleted.
- **Damp Heat** — skin infections, ear infections, hot swollen joints, loose smelly stool. Excess heat and moisture accumulate internally.
- **Kidney Qi Deficiency** — common in senior animals. Hind limb weakness, incontinence, hearing loss, cognitive decline. The Kidney system in TCVM governs aging and structural integrity.
- **Liver Qi Stagnation** — irritability, muscle tension, wandering pain, digestive upset that worsens with stress. The Liver system in TCVM governs the smooth flow of energy through the body.

The practitioner will explain the pattern diagnosis in terms you can understand and connect it to your pet's specific symptoms. Many owners find this framework illuminating — it often explains clusters of seemingly unrelated symptoms that Western medicine treats as separate problems.

### Step 4: Treatment Plan

With the pattern identified, the practitioner designs a treatment plan using one or more of the four TCVM branches:

**Acupuncture.** Needles are placed at points selected specifically for the diagnosed pattern. A patient with Kidney Qi Deficiency receives different points than one with Damp Heat, even if both presented with hind limb pain. The session typically lasts 15 to 25 minutes. (See our detailed guide: [What to Expect at Your Pet's First Acupuncture Session](/blog/what-to-expect-pet-acupuncture-session/))

**Chinese herbal medicine.** The practitioner prescribes a classical herbal formula or a modified version tailored to the patient. These formulas typically contain 8 to 15 herbs working synergistically. They come as concentrated granules, tea pills, capsules, or powders mixed into food. The formula is chosen to address the root pattern, not just the symptoms.

**Food therapy.** TCVM classifies foods by their thermal nature (warming, cooling, neutral) and their effects on specific organ systems. The practitioner may recommend specific proteins, vegetables, and preparation methods based on the pattern diagnosis. For example, a patient with a Heat pattern might be advised to eat cooling proteins like duck or rabbit, while a patient with a Cold pattern might benefit from warming proteins like venison or lamb.

Food therapy is one of the most practical and accessible components of TCVM. It is something the owner implements daily at home, and it supports the effects of acupuncture and herbal medicine.

**Tui-na.** This is a form of therapeutic massage based on the same meridian system as acupuncture. The practitioner may perform Tui-na during the appointment and teach the owner specific techniques to use at home. Tui-na is particularly useful for musculoskeletal conditions, anxiety, and digestive issues, and most animals enjoy receiving it.

## What Happens After the Visit

**Acupuncture effects** are often visible within 24 to 48 hours — increased relaxation, improved mobility, better appetite.

**Herbal medicine** typically takes 1 to 3 weeks to produce noticeable changes, depending on the condition and its chronicity.

**Food therapy** effects are gradual. Most practitioners recommend following the dietary recommendations consistently for 4 to 6 weeks before evaluating impact.

**Follow-up visits** are typically scheduled 1 to 2 weeks after the initial visit. The practitioner reassesses the tongue, pulses, and acupuncture points, evaluates symptom changes, and adjusts the treatment plan. Acupuncture sessions are usually weekly initially, then spaced to every 2 to 4 weeks as the patient stabilizes.

## What Conditions Respond Best to TCVM?

TCVM is used for a remarkably wide range of conditions:

**Chronic pain and arthritis** — one of the strongest evidence-based applications, using acupuncture, herbs, and food therapy together

**Gastrointestinal disease** — IBD, chronic vomiting, diarrhea, constipation, and appetite disorders. The TCVM approach to digestive health is particularly sophisticated.

**Neurological conditions** — intervertebral disc disease, degenerative myelopathy, vestibular disease, seizures. TCVM is frequently used alongside conventional neurology.

**Cancer support** — managing pain, supporting immunity, mitigating chemotherapy side effects, and maintaining quality of life

**Endocrine disorders** — Cushing's disease, hypothyroidism, diabetes. Herbal formulas and food therapy can complement conventional management.

**Geriatric care** — cognitive decline, incontinence, mobility loss, and general decline in senior animals. TCVM views aging through the lens of Kidney Qi and has specific strategies for supporting the aging body.

**Behavioral and emotional issues** — anxiety, fear, aggression, compulsive behaviors. TCVM treats these as expressions of internal organ imbalances, not just neurochemical problems.

**Skin disease** — allergies, autoimmune conditions, chronic infections. TCVM pattern diagnosis often reveals the underlying driver that keeps the skin problem recurring.

## How Many Sessions and What Does It Cost?

**Treatment frequency:**
- Initial phase: Weekly acupuncture for 4 to 6 weeks
- Maintenance: Every 2 to 4 weeks, adjusted to the patient's response
- Herbal medicine: Ongoing, with formula adjustments at each recheck
- Food therapy: Implemented daily at home

**Typical costs:**
- Initial TCVM consultation: $175 to $350
- Follow-up acupuncture sessions: $80 to $200
- Herbal formulas: $30 to $80 per month
- Food therapy consultation is usually included in the visit fee

## Finding a TCVM Practitioner

TCVM is a specialized discipline that requires significant training beyond veterinary school. Look for practitioners who have completed certification through the Chi Institute or equivalent programs, and who practice the full TCVM system — not just acupuncture in isolation.

Our [directory of holistic veterinarians](/specialties/) lets you search specifically for TCVM practitioners by location. Many also offer individual modalities like acupuncture or herbal medicine if you prefer to start with one branch before exploring the full system.

[Find a TCVM practitioner near you →](/specialty/traditional-chinese-veterinary-medicine-tcvm/)

## The Bottom Line

TCVM is the most comprehensive holistic system available in veterinary medicine. It is not a single treatment — it is a complete framework for understanding health and disease, backed by millennia of clinical observation and increasingly validated by modern research.

The first visit will feel different from any vet appointment you have had before. The questions are different. The exam is different. The diagnosis sounds different. But the goal is the same: help your pet feel better, function better, and live a longer, more comfortable life. TCVM just takes a different road to get there — and for many patients, particularly those with chronic or complex conditions, that different road makes all the difference.","TCVM is more than acupuncture — it is a complete medical system that includes herbal medicine, food therapy, and Tui-na massage. Here is what to expect when your pet visits a TCVM practitioner for the first time.",Kevin Collins,2026-04-02,https://res.cloudinary.com/dnmrgvjdm/image/upload/v1773712148/TCVM_Photo_wx86jz.png,"Traditional Chinese Veterinary Medicine (TCVM) is a complete medical system for animals. Learn what happens during a TCVM consultation, how diagnosis works, and what treatments are involved.",Published,what-to-expect-tcvm-consultation,,,
What to Expect at a Veterinary Chiropractic Appointment,"Your dog has been slowing down on walks. Your horse is resisting the right lead. Your cat is no longer jumping to the counter she used to reach effortlessly. You have tried pain medication, rest, and maybe even physical therapy. Then someone — your vet, a trainer, a friend — suggests chiropractic care.

If that suggestion sounds surprising, you are not alone. Many pet owners do not realize that chiropractic is a well-established modality in veterinary medicine with its own certification programs, professional standards, and growing body of research. It is not the same as human chiropractic simply applied to animals. Veterinary chiropractic — sometimes called veterinary spinal manipulation therapy (VSMT) — is a specialized discipline practiced by professionals trained specifically in animal anatomy and biomechanics.

This guide explains exactly what happens during a veterinary chiropractic appointment so you can walk in informed and confident.

## What Is Veterinary Chiropractic?

Veterinary chiropractic focuses on the relationship between the spine, the nervous system, and overall body function. The core principle is straightforward: when joints — particularly spinal joints — lose their normal range of motion, it can affect nerve signaling, muscle function, posture, and the body's ability to heal and regulate itself.

A chiropractic adjustment is a short, precise, controlled thrust applied to a specific joint that has become restricted or misaligned. The goal is to restore normal motion to that joint, relieve pressure on surrounding nerves, and allow the body to function as it was designed to.

This is not the dramatic cracking or twisting that some people associate with human chiropractic. Veterinary adjustments are gentle, targeted, and adapted to the size and anatomy of the specific animal being treated.

## Who Performs Veterinary Chiropractic?

This is an important question, because credentials matter. Veterinary chiropractic should be performed by one of two types of professionals:

- **A licensed veterinarian (DVM or VMD)** who has completed postgraduate certification in animal chiropractic
- **A licensed human chiropractor (DC)** who has completed additional certification in animal chiropractic and works under veterinary supervision

The primary certifying body is the **AVCA** (American Veterinary Chiropractic Association), which requires over 200 hours of postdoctoral training specifically in animal chiropractic, followed by a written and practical exam. Graduates earn the designation of AVCA-certified.

Other programs include the **Healing Oasis** curriculum and programs offered through **Options for Animals** and **Parker University**. All of these require hands-on training with live animals under direct supervision.

When evaluating a practitioner, ask about their specific animal chiropractic certification. A human chiropractic license alone is not sufficient — the anatomy, biomechanics, and clinical reasoning are fundamentally different between species.

You can [search for AVCA-certified practitioners](/specialty/chiropractic/) in our directory.

## Which Animals Benefit from Chiropractic Care?

Chiropractic care is most commonly used for:

**Dogs** — from athletic working dogs and agility competitors to senior pets with chronic stiffness. Dogs are the most frequent chiropractic patients after horses.

**Horses** — equine chiropractic has the longest history and strongest evidence base. Performance horses, in particular, often receive regular adjustments as part of their training and maintenance programs.

**Cats** — while less common, cats respond well to chiropractic care, especially for spinal issues, mobility changes, and age-related stiffness. Adjustments for cats use significantly less force and are adapted to their smaller, more flexible frames.

**Exotic and farm animals** — some practitioners also work with goats, rabbits, and other species, though this is more specialized.

## Before the Appointment: How to Prepare

Preparing for a chiropractic visit is simple:

**Bring medical records.** X-rays, MRI results, bloodwork, and any history of injury or surgery. The chiropractor needs to know what is happening structurally before they put their hands on your animal.

**Note specific concerns.** Write down what you have been observing — when the problem started, whether it is getting worse, what activities seem to aggravate it, and any changes in behavior or temperament.

**Do not exercise your pet heavily beforehand.** A calm, rested animal is easier to assess accurately. Tired muscles and elevated heart rate can mask or mimic certain findings.

**Plan for time.** A first visit typically takes 45 to 75 minutes. Follow-up appointments are usually 20 to 40 minutes.

**For horses:** Schedule the appointment at a time when the horse has not just been worked. If possible, have the horse available in a flat, quiet area with good footing and enough space for the practitioner to observe movement from multiple angles.

## What Happens During the First Visit

### Step 1: History and Observation (15-20 minutes)

The practitioner starts by gathering information — both from you and from watching your animal.

**The conversation** covers medical history, current concerns, activity level, diet, previous injuries, and any treatments already tried. For performance animals, they will ask about training schedules, discipline-specific demands, and any changes in performance.

**Observation** is a critical part of chiropractic assessment. The practitioner will watch your animal:

- **Standing.** Looking for postural asymmetries — a head tilt, uneven hips, weight shifted to one side, one shoulder sitting higher than the other.
- **Walking and trotting.** Assessing gait for lameness, shortened stride, reluctance to turn in one direction, or an uneven rhythm. For horses, this may include watching the animal move on a longe line or under saddle.
- **Transitioning.** Sitting to standing, lying down, turning — these transitions reveal restrictions that may not be visible at a steady walk.

Experienced practitioners can gather an enormous amount of information just by watching an animal move. Subtle asymmetries that owners may not have noticed often become clear during this phase.

### Step 2: The Chiropractic Examination (15-20 minutes)

The hands-on exam is systematic and thorough. The practitioner works through the entire spine and major joints, assessing each one for:

**Range of motion.** Each spinal segment and peripheral joint has a normal range. The practitioner gently moves each segment through its range, feeling for restrictions — joints that stop short of their full motion or feel stiff compared to adjacent segments.

**Muscle tone and symmetry.** Palpating the muscles along the spine and over the major muscle groups, noting areas of spasm, atrophy, or excessive tension. Muscle changes often develop in patterns that point to specific spinal segments.

**Pain response.** Noting where the animal reacts to palpation — flinching, tensing, turning to look, pulling away. Pain responses help confirm which joints are involved and how significant the restriction is.

**Joint play.** Applying gentle pressure to individual vertebrae and joints to assess their springiness and mobility. A healthy joint has a slight give when pressed. A restricted joint feels locked or rigid.

The practitioner typically starts at the poll (the top of the head/neck junction) and works systematically down the cervical spine, thoracic spine, lumbar spine, pelvis, and sacrum. They will also assess the temporomandibular joint (jaw), shoulders, elbows, hips, stifles, and hocks.

For dogs, this exam is usually performed on a padded table or on the floor, with the owner nearby for reassurance. For horses, it is done standing in a quiet area.

### Step 3: The Adjustment (10-20 minutes)

Once the examination is complete, the practitioner knows exactly which joints need attention. Here is what the actual adjustment involves:

**Positioning.** The practitioner positions their hands precisely over the joint being adjusted. For spinal adjustments, the contact is typically made with the fingertips or the base of the hand on the specific vertebral process.

**The thrust.** A chiropractic adjustment is a high-velocity, low-amplitude thrust — meaning it is very fast but covers a very small distance. The force is carefully controlled and directed along the joint's natural line of motion. The goal is to move the joint just past its point of restriction, restoring normal range.

**What it feels like to your pet.** Most animals tolerate adjustments very well. Dogs commonly relax during the process, and many lean into the practitioner. Horses frequently lower their heads, lick and chew, or sigh — all signs of release and relaxation. Cats tend to require fewer adjustments and lighter force, and most remain calm when handled by an experienced practitioner.

**What it sounds like.** Sometimes there is an audible pop or click — this is the release of gas from the joint capsule, similar to what happens when a person cracks their knuckles. It is not the sound of bones grinding or breaking. Not every adjustment produces a sound, and the absence of a pop does not mean the adjustment was ineffective.

**How many joints are adjusted.** A typical session addresses 3 to 10 joints, depending on what the exam revealed. The practitioner does not adjust every segment in the spine — only those that are restricted and contributing to the clinical picture.

**What is NOT done.** Veterinary chiropractic does not involve sedation, heavy manipulation, or twisting the animal into uncomfortable positions. If your pet resists a particular adjustment, a skilled practitioner will modify their approach or skip that area and revisit it at the next session.

### Step 4: Post-Adjustment Assessment and Discussion

After the adjustments, the practitioner may:

- **Re-check key findings** to see if range of motion has improved
- **Watch the animal walk again** to look for immediate changes in gait
- **Explain what they found** and which joints were adjusted and why
- **Recommend a treatment schedule** based on the severity and chronicity of the problem
- **Suggest complementary care** — this might include specific exercises, stretches, ice or heat application, or referrals for acupuncture, laser therapy, or physical rehabilitation

## What Happens After the Appointment

The 24 to 48 hours after a chiropractic adjustment are important. Here is what to expect:

**Increased relaxation.** Many animals are noticeably calmer and sleepier after an adjustment. This is a normal neurological response.

**Temporary soreness.** Some animals may be mildly sore for a day or two, particularly if several areas were adjusted. This is similar to the soreness a person might feel after their first chiropractic visit. It resolves on its own.

**Improved mobility.** Many owners notice changes within the first 24 hours — a dog that walks more freely, a horse that bends more easily, a cat that jumps up on furniture again.

**Behavioral changes.** Animals in chronic pain sometimes develop behavioral patterns — irritability, reluctance to be touched, avoidance of certain activities. As pain resolves, you may see these behaviors shift.

**What to do at home:**

- Let your pet rest. Avoid strenuous exercise, jumping, and rough play for 24 to 48 hours.
- Take short, gentle walks if your pet is comfortable.
- Do not start any new exercises or stretches unless the practitioner specifically recommended them.
- Keep notes on what you observe — changes in gait, energy, comfort, behavior. Bring these to the next visit.

## What Conditions Does Veterinary Chiropractic Treat?

Chiropractic care is most effective for conditions involving the musculoskeletal and nervous systems:

**Back and neck pain** — the most common reason for referral. Spinal restrictions can cause pain ranging from mild stiffness to severe discomfort that affects quality of life.

**Gait abnormalities** — shortened stride, bunny-hopping, reluctance to turn, asymmetric movement. These often trace back to spinal or pelvic joint restrictions.

**Post-surgical recovery** — animals recovering from orthopedic surgery (TPLO, spinal surgery, fracture repair) often develop compensatory patterns that chiropractic can address.

**Performance issues in sport and working animals** — refusal to jump, lead changes, decreased speed, or loss of collection in horses. Resistance behaviors in working dogs. These are frequently caused by pain from spinal restrictions.

**Age-related stiffness and mobility loss** — senior animals benefit significantly from regular adjustments that maintain joint mobility and comfort.

**Neurological symptoms from spinal compression** — certain cases of wobbler syndrome, intervertebral disc disease, and nerve impingement respond to chiropractic as part of a multimodal treatment plan.

**Jaw and TMJ issues** — difficulty chewing, head shaking, or dropping food can sometimes be traced to temporomandibular joint restrictions.

**Important note:** Chiropractic is not appropriate for fractures, spinal tumors, acute disc herniations requiring surgery, infections, or unstable joints. A qualified practitioner will screen for these conditions before performing any adjustment.

## How Many Sessions Will My Pet Need?

Treatment frequency depends on the condition:

- **Acute problems** (recent onset, mild restrictions): 2 to 4 sessions over 2 to 4 weeks
- **Chronic conditions** (long-standing pain, significant compensatory patterns): 4 to 8 sessions, initially weekly, then spaced to every 2 to 4 weeks
- **Maintenance care** (performance animals, senior pets): Every 4 to 8 weeks on an ongoing basis
- **Post-surgical rehabilitation:** Frequency coordinated with the surgical team, often starting 2 to 4 weeks post-surgery

Most practitioners recommend at least 3 sessions before fully evaluating results. The body needs time to adapt to restored joint motion, and muscles that have been compensating for restricted joints need time to release and rebalance.

## What Does It Cost?

Pricing varies by region, species, and practitioner:

- **Initial consultation + first adjustment (small animals):** $100 to $250
- **Follow-up sessions (small animals):** $60 to $150
- **Equine initial visit:** $150 to $350
- **Equine follow-up:** $100 to $200
- **Farm calls and travel fees** may apply for equine and large-animal practitioners

Some pet insurance policies cover chiropractic care when performed by or referred by a licensed veterinarian. Check your plan details — coverage for complementary therapies varies widely.

## Questions to Ask Before Booking

- What is your specific certification in animal chiropractic? (Look for AVCA or equivalent)
- How long have you been practicing veterinary chiropractic?
- Have you worked with my pet's species and condition before?
- Do you coordinate with my pet's primary veterinarian?
- What should I expect in terms of number of sessions and timeline for improvement?
- Do you combine chiropractic with other modalities like acupuncture or rehabilitation?

## Finding a Certified Veterinary Chiropractor

Certification matters in veterinary chiropractic more than in almost any other holistic modality. The anatomy is complex, the forces involved are real, and the consequences of improper technique can be serious. Always verify that your practitioner has completed a recognized animal chiropractic program.

Our [directory of holistic veterinarians](/specialties/) allows you to search for chiropractic-certified practitioners by location. Many practitioners offer chiropractic alongside other modalities like acupuncture and rehabilitation, giving your pet access to a comprehensive integrative care plan.

[Find a veterinary chiropractor near you →](/specialty/chiropractic/)

## The Bottom Line

Veterinary chiropractic is a safe, gentle, and effective treatment for a wide range of musculoskeletal and neurological conditions. It is particularly valuable for animals with chronic pain, mobility limitations, and performance issues that have not fully responded to conventional treatment alone.

The first visit is the longest, but it is also the most informative — for both you and the practitioner. By the time you leave, you will have a clear picture of what is happening in your pet's body and a plan for helping them move better, feel better, and live more comfortably.","Veterinary chiropractic is one of the fastest-growing holistic modalities in animal health care. If your pet has been referred for an adjustment or you are exploring it on your own, here is a detailed guide to what the visit actually looks like.",Kevin Collins,2026-03-16,https://res.cloudinary.com/dnmrgvjdm/image/upload/v1773711517/expectations_yykssq.png,"Considering chiropractic care for your dog, cat, or horse? Learn what happens during a veterinary chiropractic appointment, how adjustments work, and what conditions respond best.",Published,what-to-expect-veterinary-chiropractic-appointment,,,
What to Expect at Your Pet's First Acupuncture Session,"You have heard that acupuncture can help your dog's arthritis, your cat's chronic vomiting, or your horse's back pain. Maybe your conventional vet recommended it, or maybe you found a practitioner through your own research. Either way, you are about to bring your animal to an appointment that probably feels unfamiliar — and you want to know what is going to happen.

That is completely understandable. Acupuncture is one of the most well-researched holistic modalities in veterinary medicine, with decades of clinical evidence supporting its use for pain management, inflammation, neurological conditions, and more. But knowing the science does not necessarily tell you what the experience will be like for you and your pet.

This guide walks you through a typical first acupuncture session, from the initial consultation to what happens after the needles come out.

## What Is Veterinary Acupuncture?

Veterinary acupuncture involves the insertion of very fine, sterile needles into specific points on an animal's body. These points, mapped over thousands of years in Traditional Chinese Medicine and validated by modern neuroanatomy, correspond to areas rich in nerve endings, blood vessels, and connective tissue.

When a needle is placed at one of these points, it triggers a cascade of physiological responses. The body releases endorphins and anti-inflammatory compounds, blood flow increases to the targeted area, and the nervous system shifts toward a more relaxed, healing-oriented state. In Western medical terms, acupuncture modulates pain signaling, reduces muscle spasm, and promotes tissue repair. In Traditional Chinese Veterinary Medicine terms, it restores the balanced flow of energy through the body.

Both frameworks are valid, and many veterinary acupuncturists draw on both when designing a treatment plan.

## Who Performs Veterinary Acupuncture?

Veterinary acupuncture should only be performed by a licensed veterinarian who has completed additional certification in acupuncture. The most recognized certifying bodies include:

- **IVAS** (International Veterinary Acupuncture Society) — requires approximately 100 hours of training plus a practical exam
- **Chi Institute** — offers certification in Traditional Chinese Veterinary Medicine, including acupuncture, herbal medicine, and food therapy
- **CuraCore** — provides a medical acupuncture curriculum grounded in evidence-based neuroanatomy

When choosing a practitioner, look for credentials like CVA (Certified Veterinary Acupuncturist) or similar designations after the DVM. These indicate that the veterinarian has training specifically in acupuncture, not just general practice.

You can [search for certified practitioners near you](/specialties/) using our directory.

## Before the Appointment: How to Prepare

There is not much you need to do to prepare, but a few small steps can make the visit smoother:

**Bring your records.** If your pet has been seen by another veterinarian, bring or have records sent ahead of time. This includes bloodwork, imaging, medication lists, and any diagnosis or treatment history. The acupuncturist needs the full picture to design an effective plan.

**Do not fast your pet.** Unlike some veterinary procedures, acupuncture does not require an empty stomach. In fact, a light meal beforehand is usually fine — a slightly satisfied animal tends to be calmer.

**Plan for extra time.** A first acupuncture visit is significantly longer than a standard vet appointment. Expect 60 to 90 minutes. Follow-up sessions are shorter, typically 30 to 45 minutes.

**Bring a favorite blanket or bed.** Many clinics have comfortable spaces for treatment, but a familiar item from home can help an anxious pet settle in more quickly.

**Keep exercise light that day.** Avoid strenuous activity before and after the session. The body is doing internal work during and after acupuncture, and rest supports that process.

## What Happens During the First Visit

### Step 1: The Intake Consultation (20-30 minutes)

The first visit begins with a thorough conversation — more thorough than most conventional vet visits. The acupuncturist will ask about:

- **Current symptoms and when they started.** Pain, mobility issues, digestive problems, behavioral changes, energy levels.
- **Medical history.** Surgeries, injuries, chronic conditions, medications, supplements.
- **Diet and nutrition.** What your pet eats, how much, and how they respond to it. Holistic practitioners often view diet as foundational to health.
- **Daily routine and environment.** Activity level, sleeping habits, stressors, household dynamics. These factors influence health in ways that conventional medicine sometimes overlooks.
- **Temperament.** How your pet responds to handling, new environments, and other animals. This helps the practitioner plan the session and choose appropriate points.

If the practitioner is trained in Traditional Chinese Veterinary Medicine, they may also examine your pet's tongue (color, coating, moisture) and feel the pulses at specific points on the body. These are diagnostic tools in TCVM that provide information about the patient's internal balance.

### Step 2: The Physical Exam

The acupuncturist will perform a hands-on physical examination, paying particular attention to:

- **Pain points and muscle tension.** They will palpate along the spine, limbs, and major muscle groups, noting areas of tightness, tenderness, or guarding.
- **Range of motion.** Gently moving joints through their full range to assess stiffness or discomfort.
- **Gait and posture.** Watching your pet walk, stand, and shift weight. Subtle asymmetries can reveal underlying pain or neurological issues.
- **Trigger points and acupuncture point sensitivity.** Certain acupuncture points become reactive when there is a problem in the associated area. The practitioner may press along meridian lines and note which points produce a response — a twitch, a flinch, or a turn of the head.

This assessment tells the practitioner which acupuncture points to use and helps them understand the pattern behind your pet's symptoms.

### Step 3: Needle Placement (15-25 minutes)

Now comes the part most pet owners are nervous about. Here is what actually happens:

**The needles are very small.** Acupuncture needles are hair-thin — much thinner than the needles used for injections or blood draws. Most are 0.16 to 0.25 millimeters in diameter. Many animals do not react at all when they are inserted.

**Placement is precise.** The practitioner selects anywhere from 4 to 20 points depending on the condition being treated. Common points are located along the back, hips, shoulders, legs, and head. Each point is chosen for a specific therapeutic reason based on the exam findings.

**Most pets tolerate it well.** Dogs often settle down within the first minute or two, and many become visibly relaxed — lowering their head, sighing, even falling asleep. Cats can be more variable, but experienced practitioners know how to work with feline patients using fewer needles, gentler technique, and a calm environment.

**The needles stay in for 10 to 20 minutes.** Once all needles are placed, the pet rests quietly while they do their work. The practitioner typically stays nearby, monitoring for any signs of discomfort and occasionally adjusting needle placement. Some practitioners use gentle manual stimulation of the needles, rotating them slightly to enhance the effect. Others may attach small electrodes for electroacupuncture, which delivers a mild electrical current through the needles to provide stronger pain relief and muscle relaxation.

**Removal is quick and painless.** When the session is complete, the needles are removed gently. There is no bleeding or soreness at the insertion sites.

### Step 4: Post-Treatment Discussion

After the needles are removed, the practitioner will discuss:

- **What they found** and how it relates to your pet's symptoms.
- **The treatment plan** going forward — how many sessions they recommend, how frequently, and what to expect in terms of improvement.
- **Home care recommendations.** This might include dietary changes, supplements, gentle exercises, or environmental modifications.
- **What to watch for** after the session.

## What Happens After the Session

Most pets are noticeably relaxed after acupuncture — sometimes deeply so. It is common for dogs to sleep more than usual for 24 to 48 hours after a session. This is normal and actually a good sign. The body is processing the treatment.

Some pets show immediate improvement in their symptoms. Others, especially those with chronic conditions, may not show noticeable changes until after two or three sessions. Occasionally, symptoms may briefly worsen before improving — practitioners call this a healing response, and it typically resolves within a day.

**What to do after the appointment:**

- Let your pet rest. Avoid long walks, rough play, or strenuous activity for the rest of the day.
- Offer fresh water. Some pets drink more than usual after treatment.
- Note any changes. Keep a simple log of what you observe in the hours and days following the session — energy level, appetite, mobility, pain behavior. This information is valuable for the next visit.
- Do not adjust medications without consulting your vet. Acupuncture works alongside conventional treatments, not as a replacement. Any changes to medication should be discussed with your veterinary team.

## What Conditions Does Veterinary Acupuncture Treat?

Acupuncture is not a cure-all, but it has strong clinical evidence for the following:

**Pain and musculoskeletal conditions** — arthritis, hip dysplasia, intervertebral disc disease, post-surgical pain, muscle injuries, and age-related stiffness. Pain management is the most common reason pets are referred for acupuncture.

**Neurological conditions** — nerve paralysis, degenerative myelopathy, vestibular disease, and seizure disorders. Acupuncture can support nerve function and reduce the frequency and severity of neurological episodes.

**Gastrointestinal issues** — chronic vomiting, diarrhea, inflammatory bowel disease, appetite loss, and nausea. Acupuncture has been shown to regulate gut motility and reduce GI inflammation.

**Respiratory conditions** — chronic cough, feline asthma, and upper respiratory issues. Specific acupuncture points have documented effects on airway function and immune response.

**Anxiety and behavioral issues** — separation anxiety, noise phobia, general nervousness. By shifting the nervous system toward a parasympathetic (rest-and-digest) state, acupuncture can meaningfully reduce stress-related behaviors.

**Cancer support** — while acupuncture does not treat cancer directly, it is widely used to manage pain, nausea from chemotherapy, appetite loss, and overall quality of life in oncology patients.

## How Many Sessions Will My Pet Need?

This depends on the condition being treated and how long it has been present.

- **Acute conditions** (recent injury, post-surgical pain): 2 to 4 sessions, often spaced a week apart.
- **Chronic conditions** (long-standing arthritis, recurring GI issues): 4 to 8 initial sessions, typically weekly, then tapering to every 2 to 4 weeks for maintenance.
- **Quality-of-life support** (senior pets, cancer patients): Ongoing sessions every 2 to 4 weeks, adjusted based on response.

Most practitioners recommend committing to at least 3 to 4 sessions before evaluating whether acupuncture is working for your pet. A single session is rarely enough to assess the full benefit.

## What Does It Cost?

Acupuncture pricing varies by region and practitioner, but typical ranges are:

- **Initial consultation + first treatment:** $150 to $300
- **Follow-up sessions:** $75 to $200
- **Packages** (4 to 6 sessions): Some practices offer bundled pricing at a reduced per-session rate

Some pet insurance plans cover acupuncture when performed by a licensed veterinarian. Check with your provider — coverage for complementary therapies has been increasing in recent years.

## Questions to Ask Before Booking

If you are considering acupuncture for your pet, here are good questions to ask a prospective practitioner:

- What is your acupuncture certification, and where did you train?
- How many years have you been practicing veterinary acupuncture?
- Have you treated animals with my pet's specific condition?
- How many sessions do you typically recommend?
- Do you use acupuncture alone or in combination with other modalities?
- Will you coordinate with my pet's primary veterinarian?

The answers will help you assess both the practitioner's qualifications and whether their approach is a good fit for your pet.

## Finding a Certified Veterinary Acupuncturist

Not every veterinarian who offers acupuncture has the same level of training. Look for practitioners with specific certifications from recognized programs like IVAS, Chi Institute, or CuraCore.

Our [directory of holistic veterinarians](/specialties/) makes it easy to search for acupuncture-certified practitioners by location. You can also filter by other modalities if you are interested in a multi-modal approach that combines acupuncture with herbal medicine, chiropractic, or nutritional therapy.

[Find a veterinary acupuncturist near you →](/specialty/acupuncture/)

## The Bottom Line

Veterinary acupuncture is not fringe medicine. It is a well-researched, professionally regulated treatment that thousands of veterinarians practice worldwide. For many chronic conditions — especially pain, neurological issues, and gastrointestinal problems — it offers real relief that conventional medicine alone may not fully provide.

If you have been curious about trying it for your pet, the first session is the hardest step. Now you know what to expect: a thorough consultation, a gentle treatment, and a pet who will probably sleep very well that night.","If your vet has recommended acupuncture or you are exploring it on your own, you probably have questions. Here is a practical, step-by-step guide to what actually happens during a pet acupuncture session so you know exactly what to expect.",Kevin Collins,2026-03-16,https://res.cloudinary.com/dnmrgvjdm/image/upload/v1773710974/acupuncture_a4wnck.png,"Wondering what happens during a pet acupuncture visit? Learn what to expect at your dog or cat's first session, how it works, what conditions it treats, and how to prepare.",Published,what-to-expect-pet-acupuncture-session,,,
What to Expect from Veterinary Herbal Medicine,"Your pet has a chronic condition that is not responding well to conventional medication — or maybe the medication is helping but the side effects are becoming a concern. Your vet mentions herbal medicine as an option. Or perhaps you have been researching on your own and want to understand what veterinary herbal medicine actually involves before pursuing it.

Either way, you probably have practical questions. What does the appointment look like? How are herbs prescribed? Are they safe alongside conventional medications? How long before you see results?

This guide answers those questions with the detail they deserve.

## What Is Veterinary Herbal Medicine?

Veterinary herbal medicine is the use of plant-based preparations — dried herbs, tinctures, powders, teas, capsules, or topical applications — to prevent and treat disease in animals. It is one of the oldest forms of medicine in existence, predating pharmaceutical development by thousands of years.

Modern veterinary herbalism draws from several traditions:

**Western herbal medicine** uses plants native to Europe and North America. The approach is often symptom-focused, using individual herbs or simple combinations chosen for their known pharmacological actions — anti-inflammatory, antimicrobial, liver-protective, digestive, or immune-stimulating.

**Traditional Chinese herbal medicine** uses complex formulas, often containing 8 to 15 herbs, that are prescribed based on a TCVM pattern diagnosis rather than a Western disease label. The formulas are designed to address the underlying imbalance causing the symptoms, not just the symptoms themselves.

**Ayurvedic herbal medicine** draws from the traditional medicine system of India. While less common in veterinary practice, some practitioners incorporate Ayurvedic herbs and principles.

Most veterinary herbalists in the United States work within the Western or Chinese traditions, and many integrate both.

## Who Prescribes Veterinary Herbal Medicine?

Herbal medicine for animals should be prescribed by a licensed veterinarian with additional training in herbalism. Key credentials include:

- **VBMA** (Veterinary Botanical Medicine Association) — the primary professional organization for veterinary herbalists in North America
- **Chi Institute** certification in Chinese herbal medicine — a comprehensive program covering formula design, diagnosis, and clinical application
- **AHVMA** (American Holistic Veterinary Medical Association) membership — indicates a broader commitment to integrative practice

Some veterinarians complete multi-year apprenticeships or graduate-level coursework in herbal medicine beyond these certifications.

**Why credentials matter:** Herbal medicine involves real pharmacology. Plants contain bioactive compounds that interact with the body — and with pharmaceutical medications. An untrained practitioner may miss dangerous herb-drug interactions, choose inappropriate herbs for a patient's condition, or use incorrect dosages. A trained veterinary herbalist understands both the therapeutic potential and the risks.

You can [find herbalist veterinarians near you](/specialty/herbal-medicine/) in our directory.

## What Conditions Does Veterinary Herbal Medicine Treat?

Herbal medicine is particularly well suited for chronic and complex conditions where conventional medicine may fall short or where long-term pharmaceutical use carries side-effect risks:

**Liver and kidney disease** — herbs like milk thistle (Silybum marianum), dandelion root, and rehmannia are used to support organ function, protect against further damage, and in some cases slow disease progression. This is one of the areas where herbal medicine has some of its strongest evidence.

**Skin conditions** — chronic allergies, hot spots, recurring infections, and autoimmune skin disease. Herbs can work both internally (immune modulation, anti-inflammatory support) and topically (antimicrobial rinses, soothing salves).

**Digestive disorders** — inflammatory bowel disease, chronic diarrhea, constipation, appetite loss, and nausea. Many herbs have direct effects on gut motility, mucosal integrity, and the gut microbiome.

**Arthritis and chronic pain** — anti-inflammatory herbs like turmeric, boswellia, and corydalis can provide pain relief with fewer side effects than long-term NSAID use. They are often used alongside conventional pain management rather than as a replacement.

**Cancer support** — herbal medicine is used to support immune function, manage treatment side effects, protect organs during chemotherapy, and maintain quality of life. Some herbs have documented anti-tumor properties, though they are not used as stand-alone cancer treatments.

**Anxiety and behavioral issues** — calming herbs such as valerian, passionflower, chamomile, and certain Chinese formulas can reduce anxiety without the sedation that pharmaceutical options sometimes cause.

**Immune support** — for animals with recurring infections, autoimmune conditions, or weakened immune function. Adaptogenic herbs like astragalus and medicinal mushrooms (reishi, turkey tail) are commonly used.

**Endocrine disorders** — certain thyroid, adrenal, and hormonal conditions respond to herbal support, often as a complement to conventional management.

## Before the Appointment: How to Prepare

**Gather your pet's complete medical history.** Bring records of all diagnoses, lab results, imaging, and surgeries. The herbalist needs to understand the full clinical picture.

**List all current medications and supplements.** This is critical. Herb-drug interactions are real, and the practitioner must know exactly what your pet is taking. Include everything — prescription medications, over-the-counter supplements, flea and tick preventatives, and any herbs or remedies you have already been giving on your own.

**Write down your observations.** When symptoms started, what makes them better or worse, changes in appetite, energy, elimination, and behavior. The more detail you can provide, the more precise the herbal prescription can be.

**Plan for time.** A first herbal medicine consultation typically takes 60 to 90 minutes. The practitioner needs to take a thorough history, examine your pet, and explain the treatment plan.

## What Happens During the First Visit

### Step 1: The Consultation (30-45 minutes)

The herbal medicine consultation goes deeper than a typical vet visit. The practitioner will ask about:

- **Complete symptom history.** Not just the primary complaint, but everything — energy levels, sleep patterns, appetite, thirst, urination, bowel movements, temperature preferences, and emotional disposition. In herbal medicine, these details matter because they reveal patterns about how the body is functioning as a whole.
- **Diet and nutrition.** What your pet eats is foundational to herbal prescribing. The practitioner needs to understand the nutritional baseline before adding herbal interventions.
- **Environment and lifestyle.** Stress levels, exercise patterns, exposure to toxins, household dynamics. These factors influence which herbs are appropriate and how the body will respond to treatment.
- **Previous treatment responses.** How your pet has responded to conventional medications, supplements, and any prior herbal or holistic treatments. This information helps the practitioner anticipate how sensitive your pet may be to new interventions.

If the practitioner works in the Chinese herbal tradition, they will also examine the tongue and take pulses, as these are diagnostic tools that guide formula selection.

### Step 2: Physical Examination

The practitioner performs a physical exam that may include conventional assessment (heart, lungs, abdomen, joints, skin) along with additional observations specific to herbal prescribing:

- **Tongue assessment.** Color, moisture, coating, and shape provide information about internal organ function and the overall state of the body.
- **Pulse assessment.** In TCVM, the quality of the pulses at specific points indicates the condition of different organ systems.
- **Palpation of specific acupuncture points.** Tenderness at certain points can confirm diagnostic patterns and guide herb selection.
- **Coat and skin quality.** The condition of the fur, skin, and nails often reflects internal health and helps determine which organ systems need support.

### Step 3: Diagnosis and Formula Design

Based on the history and exam, the practitioner develops a treatment plan. This is where herbal medicine differs significantly from conventional prescribing:

**In Western herbal medicine,** the practitioner may select 3 to 6 individual herbs based on their known pharmacological actions and combine them into a custom formula. For example, a formula for a dog with arthritis might include turmeric for inflammation, boswellia for joint support, and ashwagandha for pain and stress.

**In Chinese herbal medicine,** the practitioner identifies a TCVM pattern — a specific diagnosis that describes the underlying imbalance — and selects a classical formula or modifies one to fit the patient. A dog with arthritis might receive a very different formula depending on whether the pattern is diagnosed as Cold Bi Syndrome, Damp Bi Syndrome, or Kidney Qi Deficiency. The formula addresses the root cause, not just the symptom.

The practitioner explains:
- Which herbs are being prescribed and why
- The form the herbs will come in (powder, capsule, tincture, tea pills, or granules)
- How to administer them (mixed with food, given directly, or applied topically)
- Expected dosage and frequency
- How long before results should be visible
- Any potential side effects or interactions to watch for

### Step 4: Dispensing and Administration Instructions

Most veterinary herbalists either compound custom formulas in-house or order from reputable veterinary herbal suppliers. Common forms include:

- **Concentrated granules** — mixed into food, easy to dose, commonly used in Chinese herbal medicine
- **Tinctures** — liquid extracts given by dropper, fast-absorbing, useful for animals that are difficult to pill
- **Capsules or tablets** — convenient, precise dosing, but some animals resist them
- **Tea pills** — small round pills used in Chinese herbal medicine, easy to give to cats
- **Powdered herbs** — mixed directly into food, appropriate for less picky eaters
- **Topical preparations** — salves, rinses, or compresses for skin conditions, wounds, or localized pain

The practitioner will demonstrate how to give the herbs if needed and discuss strategies for picky eaters. Mixing herbs with a small amount of canned food, bone broth, or a favorite treat usually works well.

## What Happens After You Start the Herbs

**Onset of effect varies.** Some conditions respond within days — digestive issues and anxiety often show early improvement. Others, particularly chronic conditions like arthritis, liver disease, or autoimmune disorders, may take 2 to 4 weeks before noticeable changes appear.

**Follow-up is essential.** The practitioner will typically schedule a recheck at 2 to 4 weeks. At this visit, they reassess symptoms, check lab work if appropriate, and adjust the formula. Herbal medicine is not set-and-forget — formulas are refined over time as the patient's condition evolves.

**Watch for side effects.** Herbal medicine is generally well tolerated, but some animals experience:
- Mild digestive upset (loose stool, decreased appetite) when starting a new formula — this usually resolves within a few days
- Rarely, allergic reactions to a specific herb
- Changes in energy level as the body adjusts

Report any concerns to the practitioner promptly. Dosages can be adjusted and individual herbs can be substituted if needed.

**Do not stop or adjust medications on your own.** If your pet is on conventional medications, any changes should be made in coordination with your veterinary team. Some herbs are used to gradually reduce pharmaceutical dependence, but this must be done under professional supervision.

## How Long Will My Pet Be on Herbs?

This depends on the condition:

- **Acute issues** (digestive upset, mild infection, anxiety episode): Days to a few weeks
- **Chronic conditions** (arthritis, IBD, liver disease): Months to ongoing, with formula adjustments over time
- **Seasonal support** (allergy season, winter joint stiffness): During the relevant period each year
- **Cancer support:** Typically ongoing throughout treatment

Some animals stay on herbal formulas long-term because the herbs are providing real benefit with minimal risk. Others use herbs for a defined period to resolve an issue and then discontinue.

## What Does It Cost?

- **Initial herbal consultation:** $150 to $300 (often longer than a standard vet visit)
- **Follow-up visits:** $75 to $175
- **Herbal formulas:** $30 to $80 per month, depending on the animal's size and the complexity of the formula
- **Lab work** (if needed to monitor organ function): Standard veterinary pricing

The herbs themselves are an ongoing cost, but for many conditions they are less expensive than the conventional medications they complement or replace.

## Safety: Herb-Drug Interactions to Know About

One of the most important reasons to work with a trained veterinary herbalist rather than self-prescribing is the risk of herb-drug interactions. Some examples:

- **St. John's Wort** can reduce the effectiveness of many pharmaceutical medications by accelerating their metabolism in the liver
- **Garlic** in medicinal doses can affect platelet function and should not be used with blood-thinning medications
- **Licorice root** can affect cortisol levels and interact with steroid medications
- **Turmeric** has blood-thinning properties and should be used cautiously alongside NSAIDs or before surgery

A trained herbalist screens for these interactions and selects herbs that are safe alongside your pet's current medications.

## Finding a Veterinary Herbalist

Look for practitioners with specific training in veterinary herbal medicine — membership in the VBMA, Chi Institute certification in Chinese herbal medicine, or equivalent credentials.

Our [directory of holistic veterinarians](/specialties/) lets you search for herbal medicine practitioners by location. Many herbalists also practice acupuncture, nutritional therapy, and other modalities, offering a comprehensive approach to your pet's health.

[Find a veterinary herbalist near you →](/specialty/herbal-medicine/)

## The Bottom Line

Veterinary herbal medicine is not a folk remedy or a shot in the dark. It is a structured, knowledge-intensive practice that uses plant pharmacology to treat real conditions — often the chronic, complex ones that conventional medicine struggles to resolve on its own.

The first visit is thorough and may feel different from any vet appointment you have experienced before. That depth is the point. Herbal medicine works best when the practitioner understands the whole patient, not just the diagnosis on the chart.

If your pet is dealing with a condition that has not responded fully to conventional treatment, or if you are looking for options with fewer long-term side effects, herbal medicine is worth a serious conversation with a qualified practitioner.","Veterinary herbal medicine uses plant-based formulas to treat chronic conditions, support organ function, and complement conventional care. Here is what actually happens when your pet is prescribed an herbal treatment plan.",Kevin Collins,2026-03-16,https://res.cloudinary.com/dnmrgvjdm/image/upload/v1773711904/herbal_fhi70e.png,"Curious about herbal medicine for your pet? Learn what veterinary herbal medicine involves, what conditions it treats, how formulas are prescribed, and what to expect at your first visit.",Published,what-to-expect-veterinary-herbal-medicine,,,
How Much Does Holistic Vet Care Cost? A Realistic Breakdown,"One of the most common questions pet owners ask before exploring holistic veterinary care is about cost. It is a reasonable concern—you want to provide the best possible care for your pet while being financially responsible. The good news is that holistic veterinary care may be more affordable than you expect, and in some cases, it can actually save you money over the long term.

This guide provides realistic cost ranges for the most common holistic veterinary modalities, along with tips for managing expenses.

## Initial Consultation Costs

The first visit to a holistic or integrative veterinarian is typically longer and more thorough than a standard veterinary appointment. Expect the initial consultation to last 45 minutes to 90 minutes, compared to the typical 15 to 20 minutes at a conventional vet.

**Initial consultation fees typically range from $100 to $300,** depending on your geographic location, the practitioner's experience and credentials, and the complexity of your pet's health issues.

This initial visit is an investment in understanding your pet's complete health picture. The holistic vet will review your pet's medical history, diet, lifestyle, and environment before developing a comprehensive treatment plan. Many pet owners find that this thorough initial evaluation provides insights they have never received from conventional appointments alone.

## Costs by Treatment Modality

### Acupuncture
- **Per session:** $75 to $200
- **Typical frequency:** Weekly for 4 to 6 weeks initially, then tapering to monthly maintenance
- **Initial treatment course cost:** $300 to $1,200
- **Monthly maintenance:** $75 to $200

Acupuncture is one of the most cost-effective holistic modalities. Many pets show significant improvement within the first few sessions, and the benefits are cumulative—meaning less frequent treatments are needed over time.

### Chiropractic Care
- **Per session:** $65 to $200
- **Typical frequency:** Weekly for 2 to 4 weeks, then every 2 to 6 weeks for maintenance
- **Initial treatment course cost:** $130 to $800
- **Maintenance:** $65 to $200 every 2 to 6 weeks

Like acupuncture, chiropractic care often shows results quickly, and maintenance sessions are less frequent once the initial issue is addressed.

### Herbal Medicine and Supplements
- **Monthly cost:** $30 to $100 for Chinese or Western herbal formulas
- **Supplements:** $20 to $60 per product per month
- **Total monthly cost:** $50 to $160 depending on the number of products prescribed

Herbal medicine is an ongoing cost, but the monthly expense is often comparable to or less than the cost of conventional medications for chronic conditions.

### Laser Therapy
- **Per session:** $30 to $80
- **Typical initial course:** 6 to 10 sessions
- **Initial treatment course cost:** $180 to $800
- **Maintenance:** $30 to $80 per session, every 2 to 4 weeks

Many practices offer package pricing for laser therapy, which can reduce the per-session cost significantly.

### Nutritional Therapy
- **Consultation fee:** Often included in holistic vet visit or $50 to $150 for a dedicated nutrition consultation
- **Dietary changes:** Variable, depending on whether you switch to a therapeutic diet, raw food, or home-cooked meals
- **Supplements:** $20 to $80 per month

Nutritional therapy can be one of the most affordable holistic approaches since much of it involves changing what you feed your pet rather than purchasing additional treatments.

### Homeopathy
- **Initial consultation:** $150 to $300 (typically longer than other modalities)
- **Remedies:** $10 to $30 per remedy (homeopathic remedies are generally inexpensive)
- **Follow-up visits:** $75 to $150 every 4 to 8 weeks
- **Monthly cost after initial visits:** $75 to $150 plus remedy costs

Homeopathy is notable for having relatively low ongoing costs since the remedies themselves are quite affordable.

### Physical Rehabilitation
- **Per session:** $50 to $150
- **Typical frequency:** 1 to 2 times per week
- **Monthly cost:** $200 to $1,200 during active rehabilitation
- **Maintenance:** Less frequent sessions once goals are achieved

Rehabilitation is often a more intensive short-term investment, particularly after surgery or injury, but the duration is usually limited.

## How Holistic Care Can Save Money Long-Term

While the upfront costs of holistic care may seem comparable to conventional treatment, many pet owners find that integrative approaches save money over time in several ways:

**Reduced medication costs:** Holistic treatments often allow for reduced reliance on expensive long-term medications. A dog on chronic pain medication might need fewer or lower-dose medications once acupuncture or chiropractic care is added to the treatment plan.

**Fewer recurring vet visits:** By addressing root causes rather than just managing symptoms, holistic care can reduce the frequency of acute illness visits. A pet with recurring ear infections might need fewer antibiotics and fewer emergency appointments once the underlying cause is addressed through diet and holistic treatment.

**Prevention of costly conditions:** Holistic approaches that focus on prevention, nutrition, and overall wellness can help avoid expensive health crises down the road. Investing in good nutrition and regular holistic wellness care may help prevent conditions that would cost thousands to treat conventionally.

**Better quality of life in senior years:** Senior pets who receive integrative care often maintain better health and mobility, potentially reducing the need for expensive end-of-life interventions.

## Pet Insurance and Holistic Care

Pet insurance coverage for holistic treatments varies significantly between providers. Some things to know:

- Some insurance plans now cover acupuncture, chiropractic care, and physical rehabilitation, especially when prescribed by a licensed veterinarian.
- Coverage for herbal medicine and homeopathy is less common but is offered by some comprehensive plans.
- Wellness plans that cover preventive care may help offset the cost of holistic wellness visits.
- If you are shopping for pet insurance, ask specifically about coverage for complementary and alternative therapies before choosing a plan.

Even without insurance, many holistic vets offer payment plans or package pricing that can make treatment more affordable.

## Tips for Managing Holistic Vet Care Costs

Here are practical strategies for keeping costs manageable:

1. **Start with a thorough consultation.** Understanding the full picture upfront helps avoid unnecessary treatments and allows for a focused, efficient treatment plan.
2. **Ask about package pricing.** Many practices offer discounted rates when you purchase a series of treatments upfront.
3. **Prioritize treatments.** If your pet needs multiple modalities, your vet can help you determine which will provide the most benefit for your investment.
4. **Learn home care techniques.** Some holistic vets will teach you massage, acupressure points, or rehabilitation exercises you can do at home between visits.
5. **Focus on nutrition.** Dietary improvements are often the most cost-effective holistic intervention and can reduce the need for other treatments.
6. **Consider telehealth.** Some holistic vets offer telehealth consultations for follow-ups and nutritional counseling, which are often less expensive than in-person visits.

## The Bottom Line

Holistic veterinary care does not have to break the bank. While costs vary based on your location, your pet's needs, and the specific treatments recommended, most pet owners find that integrative care is a reasonable investment in their pet's health and quality of life.

Use our directory to find holistic veterinarians near you and do not hesitate to ask about fees during your initial inquiry. A good holistic vet will be transparent about costs and will work with you to develop a treatment plan that fits both your pet's needs and your budget.","Wondering about holistic vet costs? This realistic breakdown covers consultation fees, treatment costs by modality, and tips for managing expenses.",Kevin Collins,2026-03-09,https://res.cloudinary.com/dnmrgvjdm/image/upload/v1771362885/Costs_lgkebu.png,"What does holistic vet care cost? Get a realistic breakdown of prices for acupuncture, herbal medicine, chiropractic, and other integrative treatments for pets.",Published,how-much-does-holistic-vet-care-cost,,,
The Story Behind HolisticVetDirectory.com: How One Rescue Dog Changed Everything,"Hi, I'm Kevin.

My wife and I are avid animal lovers and proud pet parents to five rescue cats and one rescue dog. Our home is full of personalities, fur, and the occasional chaos that comes with loving animals as much as we do — and we wouldn't have it any other way. If you're ever considering adding a pet to your family, please consider adopting. It truly saves beautiful lives.

The inspiration behind HolisticVetDirectory.com began with a very special dog — our rescue pup, Zoe.

![The Day We Almost Didn't Meet Zoe](https://res.cloudinary.com/dnmrgvjdm/image/upload/v1771306383/ZoeCloud_dtaljs.png)

About eight years ago, my wife and I adopted Zoe from a rescue center just **one day before she was scheduled to be euthanized**. It's still hard for me to think about how close we came to never meeting her. From the moment we brought her home, we knew we had done the right thing.

But shortly after adopting her, we began to notice something wasn't quite right. Zoe was constantly **scratching, sneezing, and coughing**. At first, we thought it might simply be the stress of adjusting to a new environment. But the symptoms persisted.

Over time, we came to believe these symptoms had likely been masked long enough for her to be adopted. While it would have been nice to know that in advance, I can honestly say we never regretted bringing Zoe home for a single moment. Once she was part of our family, we were committed to doing everything we could to help her live a happy, healthy life.

## Running Out of Options

Our first step was to visit several traditional veterinarians. Each appointment gave us hope that we were getting closer to a solution. Unfortunately, despite trying various medications and treatments, we didn't see meaningful improvement in Zoe's condition.

Like many pet owners facing ongoing health challenges, we felt frustrated and worried. Watching a beloved pet struggle — while feeling like you're running out of options — is one of the hardest experiences a pet owner can go through.

## Discovering Holistic Veterinary Care

Eventually, we began exploring **holistic and integrative approaches to veterinary care**. This didn't mean abandoning traditional medicine — it meant **expanding our options** and looking at Zoe's health from a broader perspective.

That's when things started to change.

Through a combination of holistic support, lifestyle adjustments, and guidance from veterinarians who embraced a more integrative approach, we began to see real progress. Zoe's symptoms improved, her energy increased, and she seemed far more comfortable in her own skin.

For us, it was a powerful reminder that sometimes the best path forward involves **combining traditional veterinary care with holistic methods** that support the whole animal — body, mind, and environment.

## The Problem: Finding Holistic Vets Wasn't Easy

As meaningful as our experience with holistic care was, finding those practitioners had not been easy. At the time, there was **no simple, centralized place** where pet owners could search for holistic veterinarians. Much of our research involved digging through forums, scattered websites, and word-of-mouth recommendations.

That experience planted a seed.

## From Frustration to Action

I have a background in IT, and I began thinking about how I could use those skills to help other pet owners facing similar challenges. I wanted to create something practical — something that could save people time, reduce frustration, and potentially help animals get the care they need sooner.

That idea eventually became **HolisticVetDirectory.com**.

My goal with the site is simple but meaningful: **to build the most comprehensive, easy-to-use directory of holistic veterinarians in the United States**, available at **no cost to pet owners** searching for alternative or complementary approaches to conventional veterinary care.

This isn't about replacing conventional medicine — it's about **expanding the toolbox** available to pet owners and veterinarians alike.

## Where the Site Stands Today

Since launching, the site has continued to grow in ways that make me genuinely grateful. We now have over **28 blog posts** and counting, and we are actively working with knowledgeable experts who are contributing valuable insights and educational content. The directory itself lists thousands of holistic and integrative veterinary practices across all 50 states.

Another important part of the mission is community involvement. While I spend a great deal of time researching and adding veterinarians to the directory, I know there are many incredible practitioners across the country who may not yet be listed. That's why we created a **[Submit Listing](/submit/) form**, allowing veterinarians and contributors to help expand the directory so more pet owners can find the support they need.

The hope is that over time, this site becomes more than just a directory — it becomes a **trusted resource for holistic pet care education and discovery**.

## Zoe's Legacy
![](https://res.cloudinary.com/dnmrgvjdm/image/upload/v1771347405/SocksPool_xufoej.png)

Every time someone finds a practitioner who helps their pet feel better, every time a pet owner discovers a new approach that improves their animal's quality of life, the work feels worthwhile.

When I look at Zoe today, I'm reminded of how close we came to losing the chance to know her. She has been part of our family for eight wonderful years, and she continues to inspire this project in ways she will never fully understand.

If HolisticVetDirectory.com helps even **one precious animal live a healthier life** — and brings peace of mind to the people who love them — then every hour spent building and improving this site will have been worth it.

Thank you for being part of this journey, and for caring about animals as much as we do.

*— Kevin, Founder, HolisticVetDirectory.com*","Eight years ago, my wife and I adopted a rescue dog named Zoe one day before she was scheduled to be euthanized. Her health struggles — and our search for answers — inspired everything you see on this site.",Kevin Collins,2026-03-06,https://res.cloudinary.com/dnmrgvjdm/image/upload/v1772838165/ZoeAndMe_3_ycfpf6.png,Learn how one rescue dog named Zoe and a frustrating search for holistic veterinary care inspired the founder of HolisticVetDirectory.com to build a free resource for pet owners across the United States.,Published,the-story-behind-holistic-vet-directory,true,,
Holistic Veterinary Care for Cats: Natural Approaches to Feline Health,"Cats are remarkable animals — self-sufficient, mysterious, and physiologically unique in ways that set them apart from every other domestic species. They are obligate carnivores with specialized metabolisms, highly sensitive nervous systems, and a strong instinct to mask signs of illness. These characteristics make cats both challenging to treat and particularly well-suited to the whole-body, individualized approach that holistic veterinary medicine offers.

Despite making up nearly half of all pet ownership in the United States, cats are significantly underrepresented in veterinary care. Many cat owners bring their feline companions to the vet far less frequently than dog owners — and when they do, conventional medicine sometimes falls short for the chronic, complex conditions that cats commonly develop as they age. Holistic and integrative veterinary care is filling that gap in important ways.

## How Cats Are Different — and Why It Matters for Healthcare

Understanding feline physiology is the foundation of good holistic cat care:

**Cats are obligate carnivores.** Unlike dogs and humans, cats cannot synthesize certain essential nutrients and must obtain them from animal protein. This makes nutrition therapy for cats fundamentally different from other species — approaches that work well for dogs can be harmful to cats.

**Cats process medications differently.** Cats lack certain liver enzymes that dogs and humans use to metabolize drugs and many plant compounds. This is why many essential oils, herbal remedies, and over-the-counter medications that are safe for dogs are toxic to cats. Any herbal or nutritional therapy for cats must be overseen by a veterinarian with specific feline training.

**Cats hide illness instinctively.** As both predator and prey in the wild, cats evolved to conceal vulnerability. By the time a cat shows obvious signs of illness, the condition is often well advanced. Holistic care — with its emphasis on preventive wellness and whole-body assessment — often catches subtle imbalances earlier than conventional reactive care.

**Cats are highly stress-sensitive.** The feline nervous system is exquisitely sensitive to environmental stress, and many common cat health problems — from urinary issues to inflammatory bowel disease — have a strong stress component. Holistic approaches that address the mind-body connection are often particularly effective for cats.

## Common Feline Conditions Holistic Care Addresses

### Chronic Kidney Disease

Chronic kidney disease (CKD) is the most common serious health condition in older cats. While conventional medicine focuses on managing symptoms and slowing progression, holistic care adds nutritional support, acupuncture for improved kidney circulation and quality of life, and herbal formulas to support kidney function and reduce inflammation. Many cat owners find that an integrative approach helps their cats with CKD live longer and more comfortably than conventional care alone.

### Hyperthyroidism

Hyperthyroidism — overproduction of thyroid hormone — affects a large percentage of cats over ten years old. Conventional treatment options include medication, radioactive iodine, and surgery. Holistic veterinarians often complement these approaches with nutritional therapy, herbal support, and acupuncture to address the whole cat rather than just the thyroid.

### Inflammatory Bowel Disease and Digestive Issues

IBD, chronic vomiting, and digestive upset are extremely common in cats. Holistic veterinarians look at the full picture — diet, stress, immune function, and gut microbiome — rather than simply suppressing symptoms with steroids. Nutritional therapy and targeted herbal medicine often produce significant improvement in cats with chronic digestive issues.

### Arthritis and Mobility Issues

Feline arthritis is dramatically underdiagnosed because cats rarely limp — they simply become less active, stop jumping, and groom less. Acupuncture is particularly effective for feline arthritis, providing pain relief without the side effects of long-term NSAIDs, which cats tolerate poorly.

### Urinary Tract Conditions

Feline idiopathic cystitis (FIC) — painful urinary inflammation with no bacterial cause — is strongly linked to stress and affects many cats. Holistic approaches address the stress component directly through environmental enrichment guidance, nutritional therapy, and, in some cases, acupuncture or herbal medicine to support the urinary tract and calm the nervous system.

### Anxiety and Behavioral Issues

Cats are highly susceptible to anxiety, which manifests as inappropriate elimination, overgrooming, aggression, and hiding. Holistic veterinarians address feline anxiety by looking at environmental factors, diet, and using gentle interventions like acupuncture, herbal medicine, and nutritional support to calm the nervous system — rather than going straight to pharmaceutical sedation.

### Cancer Support

Cats are prone to several forms of cancer, including lymphoma and oral squamous cell carcinoma. Holistic and integrative oncology for cats focuses on supporting quality of life, strengthening the immune system, and using nutritional and herbal interventions alongside conventional treatment to help cats tolerate chemotherapy better and maintain well-being.

## Holistic Modalities for Cats

### Acupuncture

Acupuncture is one of the most effective holistic tools for cats and — despite what you might expect — most cats tolerate it remarkably well. Many cats become deeply relaxed during sessions, entering a calm, almost meditative state. Acupuncture is used for pain management, kidney support, digestive conditions, neurological issues, and general wellness maintenance in cats.

Sessions for cats are typically shorter than for dogs, and needles are finer. A skilled practitioner will let the cat guide the session, never forcing treatment on a stressed animal.

### Nutritional Therapy

Given that cats are obligate carnivores, nutrition is foundational to feline health. Holistic veterinarians trained in feline nutrition look critically at commercial cat food — including ingredients, protein sources, moisture content, and carbohydrate levels — and work with owners to optimize their cat's diet for their individual health status.

Many feline health problems, including urinary issues, diabetes, obesity, and inflammatory conditions, have strong dietary components that are addressable through nutritional therapy.

### Herbal Medicine

Herbal medicine for cats requires significant expertise because of cats' unique metabolic limitations. A veterinarian trained in feline herbal medicine can safely prescribe plant-based formulas to support kidney function, digestive health, immune function, and calm the nervous system — while carefully avoiding the many herbs that are toxic to cats.

Never give a cat herbal remedies designed for humans or dogs without veterinary guidance.

### Laser Therapy

Low-level laser therapy is well-suited to cats — it is painless, non-invasive, and requires no restraint or sedation. It is used for arthritis pain, wound healing, dental inflammation, and post-surgical recovery. Many cats that resist handling become calm and cooperative during laser therapy sessions.

### Homeopathy

Veterinary homeopathy uses highly diluted natural substances to stimulate the body's own healing response. Some holistic veterinarians find homeopathy particularly useful for cats because of their sensitivity — the gentle nature of homeopathic remedies aligns well with feline physiology.

## Finding a Holistic Veterinarian for Your Cat

Not all holistic veterinarians have equal experience with cats. When searching for a feline holistic vet, look for:

- Specific experience treating cats, not just dogs
- Training in feline nutrition
- Certification through IVAS (acupuncture), CIVT (herbal medicine), or AHVMA membership
- Familiarity with feline-specific contraindications for herbs and supplements

The Holistic Vet Directory lists integrative veterinarians across the United States. Many practitioners specialize in or have extensive experience with cats — use the directory to find a holistic vet in your area who is the right fit for your feline companion.

## A Note on Stress-Free Vet Visits for Cats

One often-overlooked aspect of holistic feline care is the visit itself. Many cats find veterinary visits deeply stressful, which can affect their health and make accurate assessment difficult. Holistic veterinarians tend to take a gentler, more patient approach — allowing cats to acclimate to the environment, minimizing restraint, and creating a calmer experience overall. Some holistic vets offer house call services, which can be transformative for stress-sensitive cats.","Cats are not small dogs — their physiology is unique, and so are their healthcare needs. Discover how holistic veterinary care addresses common feline conditions with natural, integrative approaches that work with a cat's biology.",Kevin Collins,2026-03-03,https://res.cloudinary.com/dnmrgvjdm/image/upload/v1772506088/CatFamily_inl9dz.png,"Cats have unique health needs that holistic veterinary care addresses particularly well. Learn how acupuncture, herbal medicine, nutrition therapy, and other integrative approaches support feline health naturally.",Published,holistic-veterinary-care-for-cats,,,
Holistic and Integrative Veterinary Care for Horses: What Every Horse Owner Should Know,"Horses have been treated with natural and traditional medicine for centuries. Long before modern pharmaceuticals, horsemen relied on herbal remedies, physical manipulation, and careful observation to keep their animals healthy and performing well. Today, holistic and integrative veterinary medicine is bringing those time-tested approaches together with modern science — and horse owners across the country are taking notice.

Whether your horse is a competitive athlete, a trail companion, or a beloved retiree, integrative veterinary care offers tools that conventional medicine alone often cannot. This guide covers the most effective holistic modalities for horses, what conditions they address, and how to find a qualified equine holistic veterinarian.

## Why Horses Respond So Well to Holistic Care

Horses are large, physically complex animals whose bodies endure significant stress — from the demands of athletic performance to the simple mechanics of carrying a rider. Musculoskeletal pain, chronic inflammation, and stress-related conditions are common. Many of these conditions respond exceptionally well to holistic modalities that address the root cause rather than masking symptoms.

Horses are also highly sensitive animals. Many owners report that their horses respond quickly and visibly to acupuncture, chiropractic, and other hands-on therapies — often relaxing, lowering their heads, and showing clear signs of relief during treatment.

## Acupuncture for Horses

Veterinary acupuncture is one of the most widely used and well-researched holistic modalities for horses. Based on Traditional Chinese Veterinary Medicine (TCVM), acupuncture involves inserting fine needles at specific points along the body to stimulate the nervous system, improve circulation, reduce inflammation, and restore balance.

**What it treats:**
- Back pain and muscle soreness
- Neck stiffness
- Performance issues with no clear structural cause
- Post-surgical recovery
- Gastrointestinal conditions including recurrent colic
- Nerve damage and neurological conditions
- Anxiety and behavioral issues

Many equine athletes receive regular acupuncture as part of their maintenance program — not just when something is wrong, but to keep them performing at their best. Chi Institute-certified veterinarians are among the most highly trained equine acupuncturists in the country.

## Veterinary Spinal Manipulation Therapy (VSMT)

Veterinary Spinal Manipulation Therapy — sometimes called equine chiropractic — addresses restrictions and misalignments in the spine and joints that affect movement, performance, and comfort. In horses, subtle spinal restrictions can have dramatic effects on stride length, willingness to work, and overall behavior.

**Signs your horse may benefit from VSMT:**
- Resistance to being saddled or ridden
- Uneven movement or shortened stride
- Difficulty bending or flexing in one direction
- Changes in behavior or attitude under saddle
- Back soreness or sensitivity to grooming
- Frequent tripping or stumbling

VSMT practitioners certified through organizations like The Healing Oasis undergo extensive training in equine anatomy and biomechanics. Many horse owners find that a single session produces visible improvement in movement and attitude.

## Laser Therapy for Horses

High-intensity laser therapy has become an increasingly popular tool in equine practice. Therapeutic lasers deliver focused light energy that penetrates deep into tissues, reducing inflammation, relieving pain, and accelerating healing at the cellular level.

**Common equine applications:**
- Tendon and ligament injuries
- Wound healing and post-surgical recovery
- Arthritis and joint inflammation
- Back and muscle soreness
- Hoof conditions including laminitis support
- Nerve injuries

Laser therapy is particularly valuable for horses because it is completely non-invasive, requires no sedation, and can be used on sensitive areas that are difficult to treat otherwise. Many horses tolerate and enjoy laser therapy sessions, often showing visible relaxation as treatment progresses.

## Herbal Medicine for Horses

Herbal medicine has a long history in equine care. Today, veterinarians trained in Chinese and Western herbal medicine use plant-based formulas to support horses dealing with chronic conditions, immune challenges, and recovery from illness or injury.

**Common applications include:**
- Immune support for horses prone to respiratory illness
- Digestive support for ulcer-prone horses
- Anti-inflammatory support for horses with chronic joint conditions
- Stress and anxiety management
- Liver and kidney support during long-term medication use

It is important that herbal formulas for horses be prescribed and overseen by a veterinarian trained in herbal medicine. Dosing for horses is very different from small animals, and some herbs can interact with conventional medications or cause toxicity at incorrect doses.

## Nutritional Therapy for Horses

What a horse eats profoundly affects every aspect of its health — from coat and hoof quality to gut health, immune function, and behavioral stability. Holistic veterinarians trained in equine nutrition take a whole-body approach to feeding, looking at forage quality, mineral balance, and the individual horse's constitution rather than relying on generic feed recommendations.

Many common equine health issues — including metabolic syndrome, laminitis, chronic inflammation, and poor performance — have strong nutritional components that conventional care alone often overlooks.

## Integrative vs. Conventional Equine Care

Holistic equine veterinarians do not reject conventional medicine. The integrative approach uses conventional diagnostics — radiographs, ultrasound, bloodwork — to understand what is happening, then combines the best of both worlds for treatment. A horse with a tendon injury, for example, might receive conventional rest and anti-inflammatory medication alongside laser therapy, acupuncture, and a targeted nutritional protocol for tissue healing.

This combined approach often produces better outcomes than either approach alone — faster healing, fewer reinjuries, and better long-term soundness.

## Finding a Qualified Holistic Equine Veterinarian

Holistic equine veterinary care requires specialized training beyond a standard DVM degree. When searching for a practitioner, look for these credentials:

- **Chi Institute certification** — indicates advanced training in acupuncture and TCVM
- **IVAS certification** — International Veterinary Acupuncture Society
- **The Healing Oasis certification** — for VSMT practitioners
- **VBMA membership** — Veterinary Botanical Medicine Association for herbal practitioners

The Holistic Vet Directory lists certified equine practitioners across the United States. You can search by state to find a qualified holistic equine veterinarian near you.

## Is Holistic Care Right for Your Horse?

If your horse is dealing with a chronic condition that has not fully resolved with conventional treatment, showing performance issues without a clear structural cause, or simply not thriving the way you know they can — holistic and integrative care is worth exploring. Many horse owners describe it as the missing piece that finally helped their animal feel and perform their best.","Horses are uniquely suited to benefit from holistic veterinary care. Learn how integrative modalities like acupuncture, VSMT, laser therapy, and herbal medicine are helping horses perform better, recover faster, and live more comfortably.",Kevin Collins,2026-03-02,https://res.cloudinary.com/dnmrgvjdm/image/upload/v1772505087/PearlPhotoBomb_lxrxip.png,"Discover how holistic veterinary care for horses — including acupuncture, laser therapy, chiropractic, and herbal medicine — can improve performance, manage pain, and support long-term health.",Published,holistic-integrative-veterinary-care-for-horses,,,
"Herbal Medicine for Dogs: Safety, Benefits, and What to Ask Your Vet","Herbal medicine has been used to treat animals for thousands of years, and it remains one of the most popular holistic modalities in veterinary care today. From Traditional Chinese herbal formulas to Western botanical traditions, plant-based treatments offer a natural approach to managing a wide range of health conditions in dogs.

However, herbal medicine for dogs is not as simple as picking up a supplement at the pet store. Some herbs that are safe for humans can be toxic to dogs, dosing matters significantly, and herbal remedies can interact with conventional medications. This guide covers what every dog owner should know about veterinary herbal medicine.

## A Brief History of Herbal Medicine in Veterinary Care

Herbal medicine is one of the oldest forms of healing. Traditional Chinese Veterinary Medicine (TCVM) has used herbal formulas to treat animals for over 2,000 years. Western herbal traditions have similarly long histories, with farmers and animal caretakers relying on local plants to treat livestock and companion animals for centuries.

In modern veterinary practice, herbal medicine has experienced a significant resurgence. Advances in research have helped identify the active compounds in many traditional herbs, providing scientific support for their use. Professional organizations like the Veterinary Botanical Medicine Association (VBMA) and the Chi Institute now offer rigorous training programs for veterinarians who want to incorporate herbal medicine into their practice.

## Common Herbs Used in Veterinary Medicine

Several herbs are widely used in canine health care. Here are some of the most common:

**Turmeric (Curcuma longa):** Known for its powerful anti-inflammatory properties, turmeric is frequently used to support dogs with arthritis, joint pain, and inflammatory conditions. The active compound, curcumin, has been extensively studied for its anti-inflammatory and antioxidant effects.

**Milk Thistle (Silybum marianum):** This herb is valued for its ability to support liver health. It is commonly used for dogs with liver disease, those on long-term medications that may stress the liver, or as part of a detoxification protocol.

**Chamomile (Matricaria chamomilla):** Known for its calming properties, chamomile can help dogs with anxiety, digestive upset, and mild skin irritations. It is often used in tea form or as a topical rinse.

**Slippery Elm (Ulmus rubra):** This herb is excellent for soothing the digestive tract. It is commonly recommended for dogs with gastritis, colitis, diarrhea, or other gastrointestinal irritation.

**Valerian Root (Valeriana officinalis):** A natural calming agent, valerian root is used to help dogs with anxiety, noise phobias, and sleep disturbances. It works by supporting the nervous system without the heavy sedation of pharmaceutical alternatives.

**Astragalus (Astragalus membranaceus):** An important herb in Chinese medicine, astragalus is used to support immune function and vitality, particularly in aging dogs or those recovering from illness.

**Hawthorn (Crataegus):** This herb is used to support cardiovascular health in dogs, particularly those with early-stage heart conditions. It can help improve circulation and strengthen heart function.

**Marshmallow Root (Althaea officinalis):** Like slippery elm, marshmallow root soothes mucous membranes and is helpful for urinary tract issues and digestive inflammation.

## Chinese Herbal Medicine for Dogs

Traditional Chinese herbal medicine deserves special mention because it represents one of the most sophisticated and well-developed herbal systems used in veterinary care. Unlike Western herbalism, which often uses single herbs, Chinese herbal medicine typically uses carefully balanced formulas containing multiple herbs that work synergistically.

These formulas are prescribed based on a TCVM diagnosis that considers the dog's constitution, the nature of the disease, and the pattern of disharmony present. A qualified TCVM practitioner will customize herbal prescriptions for each individual patient.

Common Chinese herbal formulas used in veterinary medicine address conditions such as arthritis, digestive disorders, skin conditions, respiratory problems, and immune support. The Chi Institute provides extensive training for veterinarians in Chinese herbal medicine.

## Safety Warnings and Toxic Herbs

This is perhaps the most important section of this guide. Not all herbs are safe for dogs, and some common plants can be genuinely dangerous:

**Herbs that are toxic to dogs include:**
- Garlic (in large amounts)
- Comfrey (can cause liver damage)
- Pennyroyal (toxic to the liver)
- Tea tree oil (toxic when ingested)
- Ma Huang/Ephedra (dangerous stimulant effects)
- Wormwood (can cause seizures)

**Important safety principles:**
- Never give your dog herbal supplements designed for humans without veterinary guidance. Human formulations may contain ingredients or dosages that are unsafe for dogs.
- Herbs can interact with conventional medications. For example, some herbs affect blood clotting, liver metabolism, or blood pressure, which can be dangerous when combined with certain drugs.
- Dosing matters. Dogs metabolize substances differently than humans, and dosing must be calculated based on your dog's size, health status, and the specific herb being used.
- Quality matters. Herbal supplements are not all created equal. Contamination, incorrect identification, and inconsistent potency are real concerns with some products.

## Why Working with a Veterinarian Is Essential

Given the safety considerations above, it should be clear why self-prescribing herbal remedies for your dog is risky. A veterinarian trained in herbal medicine brings several critical advantages:

- **Proper diagnosis:** An accurate diagnosis is essential before any treatment. Herbs that help one condition may worsen another.
- **Knowledge of interactions:** A trained vet knows which herbs are safe to combine with your dog's current medications.
- **Appropriate dosing:** Veterinary herbalists calculate doses specifically for your dog's size, age, and health status.
- **Quality sourcing:** Veterinary herbal practitioners typically use professional-grade herbs from reputable suppliers.
- **Monitoring:** Your vet can monitor your dog's response and adjust the herbal protocol as needed.

## Questions to Ask Your Vet About Herbal Medicine

If you are considering herbal medicine for your dog, here are useful questions for your veterinarian:

- What training do you have in veterinary herbal medicine?
- Which herbs do you recommend for my dog's condition, and why?
- Are there any interactions with my dog's current medications?
- How long will my dog need to take the herbs?
- What signs of improvement should I look for?
- Are there any side effects I should watch for?
- Where do you source your herbal products?

## Getting Started

If you are interested in exploring herbal medicine for your dog, the first step is finding a veterinarian with proper training in herbal or botanical medicine. Look for practitioners with certifications from the VBMA, Chi Institute, or other recognized herbal medicine training programs.

Our directory includes holistic veterinarians across the country who offer herbal medicine as part of their practice. Search by your location to find a qualified practitioner near you, and schedule a consultation to discuss whether herbal medicine might benefit your dog.

With the right guidance, herbal medicine can be a valuable part of your dog's health care—offering natural support for everything from chronic conditions to everyday wellness.","Herbal medicine offers natural treatment options for dogs, but safety is paramount. Learn which herbs are commonly used, what they treat, and how to work with your vet.",Kevin Collins,2026-03-02,https://res.cloudinary.com/dnmrgvjdm/image/upload/v1771362009/dog-integrative-Top_alfahu.jpg,"Learn about herbal medicine for dogs including common herbs used, conditions treated, safety warnings, and why working with a qualified vet is essential.",Published,herbal-medicine-for-dogs-safety-benefits,,,
Laser Therapy for Pets: How It Works and What It Treats,"Laser therapy—also known as cold laser therapy, low-level laser therapy, or photobiomodulation—has become one of the most popular and rapidly growing holistic treatment modalities in veterinary medicine. It is non-invasive, painless, drug-free, and effective for a wide range of conditions. If you have noticed laser therapy listed among a holistic vet's services and wondered what it is all about, this guide covers everything you need to know.

## What Is Veterinary Laser Therapy?

Veterinary laser therapy uses focused light energy at specific wavelengths to stimulate healing at the cellular level. Unlike surgical lasers that cut tissue, therapeutic lasers deliver light energy that penetrates into tissues without causing damage. This light energy triggers biological processes that reduce inflammation, relieve pain, and accelerate tissue repair.

The scientific term for this process is photobiomodulation, which literally means ""modulating biological processes with light."" When laser light is absorbed by cells, it stimulates the mitochondria—the energy-producing structures within cells—to produce more ATP (adenosine triphosphate), the fuel that cells need to function and repair themselves.

## How Laser Therapy Works at the Cellular Level

Understanding the science behind laser therapy helps explain why it is so versatile:

**Increased cellular energy:** Laser light stimulates mitochondria to produce more ATP, giving cells the energy they need to repair damaged tissue, reduce inflammation, and function optimally.

**Improved blood circulation:** Laser therapy promotes vasodilation (widening of blood vessels), which increases blood flow to the treated area. Better blood flow means more oxygen and nutrients reach damaged tissues, and waste products are removed more efficiently.

**Reduced inflammation:** Laser light reduces the production of pro-inflammatory chemicals while promoting the release of anti-inflammatory substances. This helps break the cycle of chronic inflammation that drives many painful conditions.

**Pain relief:** Laser therapy reduces pain through multiple mechanisms, including decreasing nerve sensitivity, reducing inflammation, and stimulating the release of endorphins—the body's natural pain-relieving chemicals.

**Accelerated tissue repair:** By providing cells with extra energy and improving blood flow, laser therapy speeds up the body's natural healing processes. This is why it is so effective for wound healing and post-surgical recovery.

## Conditions Laser Therapy Treats

Laser therapy is used for an impressively wide range of conditions in veterinary medicine:

**Arthritis and joint pain:** This is one of the most common applications. Laser therapy can significantly reduce pain and inflammation in arthritic joints, improving mobility and quality of life for aging pets.

**Post-surgical healing:** Many veterinary surgeons now use laser therapy after surgical procedures to reduce pain, minimize swelling, and speed recovery. It is commonly used after orthopedic surgeries, soft tissue surgeries, and dental procedures.

**Wound healing:** Laser therapy accelerates the healing of wounds, surgical incisions, hot spots, and skin infections. It is particularly useful for wounds that are slow to heal.

**Back pain and disc disease:** Dogs with intervertebral disc disease (IVDD) or other spinal conditions often benefit significantly from laser therapy, which can reduce inflammation around the spinal cord and relieve associated pain.

**Ear infections:** Laser therapy can reduce inflammation and pain associated with ear infections while also helping the tissue heal more quickly.

**Muscle, tendon, and ligament injuries:** Strains, sprains, and other soft tissue injuries respond well to laser therapy, which can accelerate healing and reduce the risk of chronic problems.

**Lick granulomas:** These stubborn, self-traumatizing lesions often respond to laser therapy when other treatments have failed.

**Nerve injuries and neuropathies:** Laser therapy may help support nerve regeneration and reduce pain associated with nerve damage.

## What a Laser Therapy Session Looks Like

Laser therapy sessions are straightforward and generally very well tolerated by pets:

**Preparation:** Your pet does not need any special preparation. The treatment area may be clipped if hair is thick, and everyone in the treatment room (including your pet) will wear protective eyewear appropriate for the laser wavelength being used.

**During treatment:** The practitioner holds the laser handpiece over the treatment area, moving it slowly across the skin. Most sessions last between 5 and 20 minutes, depending on the condition being treated, the area covered, and the type of laser used. Many pets relax during treatment, and some even fall asleep.

**After treatment:** There is no downtime after laser therapy. Your pet can resume normal activities immediately. Some pets show noticeable improvement after a single session, while others may need several treatments before results become apparent.

## How Many Sessions Are Needed?

The number of sessions depends on the condition being treated:

- **Acute conditions** (fresh wounds, recent injuries): 3 to 6 sessions, often performed daily or every other day
- **Chronic conditions** (arthritis, disc disease): 6 to 10 initial sessions, typically twice weekly, followed by maintenance sessions every 2 to 4 weeks
- **Post-surgical recovery:** 3 to 6 sessions, starting immediately after surgery

Your veterinarian will recommend a treatment protocol specific to your pet's needs and adjust it based on their response.

## Cost of Laser Therapy

Laser therapy is generally affordable compared to many other veterinary treatments:

- Individual sessions typically range from $30 to $80, depending on the treatment area and duration
- Many practices offer package pricing for a series of treatments, which can reduce the per-session cost
- Initial treatment courses of 6 sessions might cost $200 to $400 total
- Maintenance sessions are typically needed once or twice monthly for chronic conditions

The cost-effectiveness is enhanced by the fact that laser therapy may allow for reduced use of pain medications, which have their own costs and potential side effects.

## Class III vs. Class IV Lasers

You may hear practitioners mention different ""classes"" of therapeutic lasers:

**Class III (cold lasers):** These lower-powered lasers have been used in veterinary medicine for decades. They are effective but may require longer treatment times to deliver adequate energy to deeper tissues.

**Class IV (hot lasers):** These higher-powered lasers can deliver more energy in less time and penetrate deeper into tissues. They have become the standard in many veterinary practices due to their efficiency and effectiveness. Despite being called ""hot"" lasers, they do not burn tissue when used properly.

Both types are effective; the main differences are treatment speed and depth of penetration.

## Safety Considerations

Laser therapy is extremely safe when performed by a trained practitioner:

- The most important safety precaution is proper eye protection. Direct laser light can damage the retina, so protective goggles must be worn by all people and the patient during treatment.
- Laser therapy should not be applied directly over cancerous tumors, as the growth-stimulating effects could potentially promote tumor growth. However, it can be safely used on other areas of a patient with cancer.
- It should be used cautiously over growth plates in young, growing animals.
- Pregnant animals should not receive laser therapy over the abdomen.

Side effects are extremely rare. Occasionally, a pet may experience a temporary increase in discomfort as part of the healing response, but this typically resolves within 24 hours.

## Finding a Vet Who Offers Laser Therapy

Laser therapy is widely available at both conventional and holistic veterinary practices. Use our directory to find holistic vets in your area who include laser therapy among their services. When contacting a practice, ask about the type of laser they use, their experience with your pet's specific condition, and their recommended treatment protocol.

Laser therapy represents one of the most accessible entry points into holistic veterinary care—it is evidence-based, non-invasive, and well-accepted by both conventional and holistic practitioners. If your pet is dealing with pain, inflammation, or slow healing, laser therapy may be an excellent treatment option to explore.
","Laser therapy is one of the fastest-growing holistic treatments for pets. Learn how this non-invasive treatment reduces pain, speeds healing, and improves mobility.",Kevin Collins,2026-02-27,https://res.cloudinary.com/dnmrgvjdm/image/upload/v1771331817/LaserTherapy_dpc6fn.png,"Discover how laser therapy helps pets with pain, arthritis, wounds, and inflammation. Learn what a session costs, how many sessions are needed, and if it is safe.",Published,laser-therapy-for-pets-how-it-works,,,
Natural Remedies for Dog Allergies: What Holistic Vets Recommend,"# Natural Remedies for Dog Allergies: What Holistic Vets Recommend

When a dog has been itching for months, when ear infections keep coming back, when steroids provide only temporary relief — it's natural to ask whether there's a better way. Natural and holistic remedies for dog allergies have attracted enormous interest, and for good reason: some have a meaningful evidence base, others offer real practical benefits, and many are safer for long-term use than pharmaceutical alternatives.

But natural doesn't automatically mean safe, and home remedies alone rarely address the underlying causes of chronic allergies. The most effective approach combines targeted natural interventions with proper veterinary diagnosis and oversight — ideally from a holistic or integrative veterinarian who can guide the right protocol for your dog's specific situation.

<div style=""background:#f0f7f4;border-left:4px solid #2D6A4F;padding:16px 20px;border-radius:6px;margin:24px 0;"">
<strong>Important note:</strong> This article is for educational purposes only and does not constitute veterinary medical advice. Many supplements interact with medications, and some are contraindicated in dogs with certain health conditions. Always consult a licensed veterinarian before adding supplements to your dog's regimen. Do not discontinue prescribed medications without veterinary guidance.
</div>

---

## The Foundation: What Holistic Vets Address First

Before discussing individual remedies, it's worth understanding the framework holistic vets use. Natural interventions work best when directed at root causes:

- **Reducing allergen exposure** — food triggers, environmental triggers, or both
- **Supporting gut health** — approximately 70 percent of the immune system is associated with the gastrointestinal tract
- **Reducing systemic inflammation** — modulating the immune response rather than just suppressing symptoms
- **Repairing and maintaining the skin barrier** — the structural defect that allows allergens to penetrate more easily in allergic dogs

Most natural remedies fall into one of these categories. The most effective protocols address all of them simultaneously.

---

## Natural Remedies With the Strongest Evidence

### Omega-3 Fatty Acids (Fish Oil / Algae-Based)

**Evidence level: Strong**

Omega-3 fatty acids — particularly EPA (eicosapentaenoic acid) and DHA (docosahexaenoic acid) — are among the best-supported interventions for canine atopic dermatitis. Multiple clinical studies have demonstrated their ability to:

- Reduce inflammatory signaling (by competing with omega-6 fatty acids in inflammatory pathways)
- Improve skin barrier function by supporting the lipid layer of the skin
- Reduce transepidermal water loss in atopic dogs
- Decrease the severity and frequency of itching

**Dosing:** Therapeutic doses for allergy management are higher than the amounts found in most commercial dog foods. A holistic vet can advise on appropriate dosing based on your dog's weight and health status. Fish oil is the most bioavailable source; algae-based omega-3s are a good option for dogs who don't tolerate fish.

**Safety notes:** Omega-3 supplementation at high doses can affect blood clotting. Dogs on NSAIDs or other anti-inflammatory medications should be monitored by a veterinarian.

---

### Probiotics

**Evidence level: Moderate to strong**

The gut microbiome plays a central role in immune regulation. In dogs with atopic dermatitis, microbiome disruption — from antibiotics, processed diets, or other factors — may worsen immune dysregulation and skin barrier dysfunction.

Probiotic supplementation can:
- Restore microbial diversity after disruption
- Reduce gut-driven inflammation
- Support the immune system's ability to respond proportionately to environmental exposures
- Improve stool quality in dogs with concurrent digestive symptoms

**What to look for:** Species-appropriate strains matter. Strains validated in dogs include *Lactobacillus rhamnosus*, *L. acidophilus*, *Bifidobacterium animalis*, and *Enterococcus faecium*. Multi-strain formulations with adequate CFU counts are generally preferred over single-strain products.

**Safety notes:** Probiotics are generally very safe. In immunocompromised dogs, consult a veterinarian before use.

---

### Dietary Elimination (Novel Protein Diet)

**Evidence level: Very strong for food-allergic dogs**

If food allergy is suspected, an elimination diet is the most powerful intervention available — and one of the safest, since it involves removing potentially harmful triggers rather than adding anything. An 8–12 week elimination trial with a true novel protein and carbohydrate source remains the gold standard for diagnosing and addressing food-driven allergy.

See our dedicated article on [food allergies in dogs](/blog/food-allergies-dogs-symptoms-diagnosis-holistic/) for a detailed explanation of how elimination trials work.

---

## Herbal and Botanical Remedies

### Quercetin

**Evidence level: Preliminary but promising**

Quercetin is a plant-derived flavonoid found in apples, berries, and many vegetables. It has demonstrated antihistamine, anti-inflammatory, and antioxidant properties in laboratory studies — leading some holistic practitioners to refer to it as ""nature's Benadryl.""

In allergic dogs, quercetin may help reduce histamine release from mast cells, reducing the itch-inflammation response. It is often combined with bromelain (a digestive enzyme from pineapple) to enhance absorption.

**Safety notes:** Quercetin has not been extensively studied in dogs at the clinical level. It can interact with certain medications, including blood thinners and some antibiotics. High doses may cause digestive upset. **Use only under veterinary supervision**, particularly for dogs on other medications.

---

### Turmeric (Curcumin)

**Evidence level: Moderate (anti-inflammatory properties well-established)**

Curcumin, the active compound in turmeric, has well-documented anti-inflammatory properties. It inhibits several inflammatory signaling pathways that are relevant to allergic disease. In holistic veterinary practice, it is commonly used for dogs with chronic inflammatory conditions including allergies, arthritis, and digestive issues.

**Practical notes:** Curcumin has poor bioavailability on its own. Formulations with black pepper extract (piperine) or phospholipid complexes significantly improve absorption. ""Golden paste"" preparations using turmeric, black pepper, and a healthy fat are popular in holistic pet communities.

**Safety notes:** Turmeric can affect blood clotting and liver enzyme metabolism. It should not be used in dogs with gallbladder disease, and caution is warranted in dogs taking NSAIDs, blood thinners, or diabetes medications. Consult a holistic or integrative veterinarian before use.

---

Veterinarian Dr. Deva Khalsa covers supplementation strategies for allergic dogs — including quercetin and other nutrients — in Dogs Naturally's [The Quick Fix For Dog Allergies](https://www.dogsnaturallymagazine.com/dog-allergies-quick-fix/).

---

### Spirulina

**Evidence level: Preliminary**

This blue-green algae is rich in phytonutrients and has demonstrated anti-inflammatory and immunomodulatory properties in laboratory and some clinical research. It may help reduce allergic inflammation and is sometimes included in holistic allergy protocols.

**Safety notes:** Generally considered safe at appropriate doses, but quality varies widely between brands. Source from reputable suppliers and confirm dosing with a holistic or integrative veterinarian.

---

## Topical Natural Remedies

### Oatmeal Baths

One of the safest and most soothing topical remedies for allergic dogs. Colloidal oatmeal has demonstrated anti-inflammatory and skin barrier-supporting properties. Regular bathing during peak allergy seasons also serves a practical purpose: removing pollen and other surface allergens before they penetrate the skin.

Use cool or lukewarm water (hot water can worsen inflammation), genuine colloidal oatmeal shampoos formulated for dogs, and rinse thoroughly.

### Apple Cider Vinegar (With Caution)

Often suggested in online pet communities for skin irritation, diluted apple cider vinegar has some antimicrobial properties. **However**, it should never be applied to broken, raw, or infected skin — it will cause significant pain and can worsen the condition. Its benefits are often overstated, and holistic veterinarians generally prefer evidence-based topical options.

### Coconut Oil (Topical)

Some dogs with dry, flaky, allergic skin benefit from topical coconut oil as a moisturizer. It has mild antimicrobial properties and can soothe irritated skin. However, some dogs are sensitive to it, and in dogs with oily or yeast-prone skin, it may worsen the condition. Introduce cautiously and monitor response.

---

## Environmental Modifications That Support Natural Approaches

Natural remedies work better when the allergen burden is simultaneously reduced. Dogs Naturally's guide to [Environmental Allergies In Dogs: Causes And Natural Remedies](https://www.dogsnaturallymagazine.com/natural-solutions-environmental-allergies-in-dogs/) covers additional environmental factors worth reviewing alongside the steps below:

- **Paw wipes after outdoor time** — removes pollen, mold, and other surface allergens before they're licked off or absorbed
- **HEPA air filtration** — reduces indoor airborne allergens including dust mites and mold spores
- **Frequent washing of bedding** in hot water to reduce dust mite populations
- **Switching to stainless steel or ceramic food bowls** — plastic bowls can harbor bacteria and some dogs react to plastic
- **Reviewing household cleaning products** — many conventional cleaners contain irritating chemicals; switching to fragrance-free, pet-safe formulations can reduce contact trigger load

---

## What Natural Remedies Can't Replace

Natural remedies are most valuable as part of a comprehensive holistic strategy — not as standalone substitutes for holistic or integrative veterinarian care. There are situations where pharmaceutical intervention is necessary and appropriate:

- Acute flares with intense scratching, hot spots, or skin infections that are causing significant distress
- Secondary bacterial or yeast infections require targeted treatment
- Anaphylactic reactions require emergency veterinary care

A [holistic or integrative veterinarian](/blog/holistic-vet-dog-allergies-how-to-find/) can help you build a protocol that uses natural interventions where they're most effective while retaining pharmaceutical options for situations where they're genuinely needed. The goal is not to avoid all medication — it's to treat the root causes so that less medication is needed over time.

For a complete overview of how holistic vets approach dog allergies, see our [guide to holistic approaches to dog allergies](/blog/holistic-approaches-dog-allergies-complete-guide/).

---

## Frequently Asked Questions

**What natural remedy is best for dogs with allergies?**
Omega-3 fatty acid supplementation (fish oil or algae-based) has the strongest evidence base for canine allergies, with multiple clinical studies supporting its ability to reduce inflammation and strengthen the skin barrier. Probiotics are also well-supported for gut-immune health. Both should be used under holistic or integrative veterinarian guidance as part of a comprehensive protocol rather than as standalone treatments.

**Is fish oil good for dogs with allergies?**
Yes — fish oil is one of the most evidence-backed natural interventions for canine atopic dermatitis. The EPA and DHA in fish oil reduce inflammatory signaling, support the skin's lipid barrier, and decrease transepidermal water loss in allergic dogs. Therapeutic doses are typically higher than amounts found in commercial dog food; a holistic vet can advise on appropriate dosing for your dog's size and health status.

**Can I give my dog quercetin for allergies?**
Quercetin has shown anti-inflammatory and antihistamine properties in laboratory studies and is sometimes recommended by holistic vets. However, it has not been extensively studied in dogs at the clinical level and can interact with certain medications. Always consult a holistic or integrative veterinarian before giving quercetin to your dog, especially if they are on other medications.

**What can I do at home to help my dog's allergies?**
The most impactful home measures are wiping paws after every outdoor trip to remove allergens, bathing weekly during peak allergy season with a gentle oatmeal shampoo, running a HEPA air filter, washing bedding in hot water weekly to reduce dust mites, and reviewing your dog's diet for potential food triggers. These steps reduce allergen burden and support skin barrier function — the foundation of any holistic allergy protocol.

<script type=""application/ld+json"">
{
  ""@context"": ""https://schema.org"",
  ""@type"": ""FAQPage"",
  ""mainEntity"": [
    {
      ""@type"": ""Question"",
      ""name"": ""What natural remedy is best for dogs with allergies?"",
      ""acceptedAnswer"": {
        ""@type"": ""Answer"",
        ""text"": ""Omega-3 fatty acid supplementation (fish oil or algae-based) has the strongest evidence base for canine allergies, with multiple clinical studies supporting its ability to reduce inflammation and strengthen the skin barrier. Probiotics are also well-supported for gut-immune health. Both should be used under holistic or integrative veterinary guidance.""
      }
    },
    {
      ""@type"": ""Question"",
      ""name"": ""Is fish oil good for dogs with allergies?"",
      ""acceptedAnswer"": {
        ""@type"": ""Answer"",
        ""text"": ""Yes. Fish oil is one of the most evidence-backed natural interventions for canine atopic dermatitis. EPA and DHA reduce inflammatory signaling, support the skin's lipid barrier, and decrease transepidermal water loss in allergic dogs. Therapeutic doses are typically higher than amounts in commercial dog food.""
      }
    },
    {
      ""@type"": ""Question"",
      ""name"": ""Can I give my dog quercetin for allergies?"",
      ""acceptedAnswer"": {
        ""@type"": ""Answer"",
        ""text"": ""Quercetin has shown anti-inflammatory and antihistamine properties in laboratory studies and is sometimes recommended by holistic vets. However, it has not been extensively studied in dogs clinically and can interact with certain medications. Always consult a holistic or integrative veterinarian before giving quercetin to your dog.""
      }
    },
    {
      ""@type"": ""Question"",
      ""name"": ""What can I do at home to help my dog's allergies?"",
      ""acceptedAnswer"": {
        ""@type"": ""Answer"",
        ""text"": ""The most impactful home measures include wiping paws after every outdoor trip, bathing weekly with a gentle oatmeal shampoo during peak allergy season, running a HEPA air filter, washing bedding in hot water weekly to reduce dust mites, and reviewing your dog's diet for potential food triggers.""
      }
    }
  ]
}
</script>

---

<div style=""background:#fff8f0;border-left:4px solid #F4A261;padding:16px 20px;border-radius:6px;margin:32px 0 16px;"">
<strong>Disclaimer:</strong> The information in this article is provided for educational purposes only and does not constitute veterinary medical advice, diagnosis, or treatment. Natural supplements and herbal remedies can interact with medications and are not appropriate for all dogs. Always consult a holistic or integrative veterinarian before beginning any new supplement or dietary protocol. Never discontinue prescribed medications without veterinary guidance. If your dog's condition worsens or new symptoms develop, seek veterinary care promptly.
</div>
","Natural remedies for dog allergies work best as part of a comprehensive strategy — not as replacements for veterinary care. Here's what holistic vets actually recommend, and why.",Kevin Collins,2026-02-24,https://res.cloudinary.com/dnmrgvjdm/image/upload/v1771609303/holistictreatment_mr111s.png,"From omega-3s to probiotics to quercetin, discover the natural remedies holistic vets most commonly recommend for dog allergies — and how to use them safely.",Published,natural-remedies-dog-allergies-holistic-vets,,,
"Can You Over-Supplement Your Dog? Vitamin A Toxicity, Liver Overfeeding, and How to Rebalance","# Can You Over-Supplement Your Dog? Vitamin A Toxicity, Liver Overfeeding, and How to Rebalance

One of the most beautiful things about the holistic pet community is the depth of care and intention owners bring to their animals' health. Hours of research, carefully sourced ingredients, thoughtfully assembled supplements — all in service of giving a beloved pet the best possible life.

But in nutrition, more is not always better. One of the most common and well-intentioned mistakes in home-prepared and raw diets is overfeeding liver and fat-soluble vitamins — particularly Vitamin A — to the point where the body accumulates more than it can safely process. This is called hypervitaminosis A, and it is more common than most owners realize.

If you've been feeding liver regularly or stacking multiple supplements containing Vitamin A, this article is worth a careful read.

<div style=""background:#f0f7f4;border-left:4px solid #2D6A4F;padding:16px 20px;border-radius:6px;margin:24px 0;"">
<strong>Important note:</strong> This article is for educational purposes only and does not constitute holistic veterinary medical advice. If you suspect your dog may have Vitamin A toxicity — particularly an older dog or one showing new symptoms — please consult a holistic vet or veterinary nutritionist before making any dietary changes or beginning any supplement or detox protocol. Vitamin A toxicity in dogs can be serious and requires professional evaluation.
</div>

---

## Why Liver Is Both Valuable and Easy to Overfeed

Liver is one of the most nutrient-dense foods on earth. It is rich in Vitamin A, B vitamins (especially B12 and folate), iron, copper, zinc, and CoQ10. In the right amounts, it is an exceptional addition to a dog's diet, which is exactly why it became a staple in raw feeding and home-prepared diets.

The problem is that Vitamin A is a **fat-soluble vitamin**. Unlike water-soluble vitamins (such as Vitamin C or the B vitamins), which are excreted in urine when consumed in excess, fat-soluble vitamins are stored in the liver and fatty tissues. When intake consistently exceeds what the body uses, levels accumulate over time.

A small amount of liver fed occasionally poses no concern. But fed daily, in large portions, or alongside other Vitamin A-rich foods and supplements, the cumulative load can exceed safe thresholds — sometimes gradually, over months or years — before symptoms become apparent.

This is important: **Vitamin A toxicity is a slow-accumulation problem, not an acute poisoning. **** A well-intentioned owner feeding a carefully researched diet can inadvertently create a buildup without any obvious warning signs in the early stages.

---

## Common Sources of Vitamin A Accumulation in Dogs

Owners often don't realize how many inputs are contributing to a dog's total Vitamin A load simultaneously:

- **Beef liver, chicken liver, pork liver** — all extremely high in Vitamin A
- **Other organ meats** — kidney and heart contain moderate amounts
- **Fish liver oils** — cod liver oil in particular is very high in preformed Vitamin A (retinol), distinct from the beta-carotene in plant sources
- **Commercial dog foods or toppers** — many are already supplemented with Vitamin A
- **Multivitamin supplements** — often contain added Vitamin A
- **Green tripe** — contains some Vitamin A
- **Eggs** — contain modest amounts of Vitamin A

The issue frequently arises when owners combine a home-prepared diet (with regular liver) with a commercial supplement that also contains Vitamin A, and perhaps cod liver oil as well. Each input seems reasonable in isolation — but together they can push total daily intake far above safe levels.

---

## Signs of Vitamin A Toxicity in Dogs

Because accumulation happens slowly, symptoms may develop gradually and can be easy to attribute to aging or other causes. Signs to watch for include:

**Skeletal and joint symptoms** (often the first to appear):
- Stiffness, particularly after rest
- Reluctance to move or climb stairs
- New or worsening lameness
- Pain when the spine or neck is touched
- Changes in posture or gait

**Skin and coat changes:**
- Dry, flaky, or scaly skin
- Dull or coarse coat
- Hair loss

**Digestive symptoms:**
- Nausea or reduced appetite
- Weight loss
- Occasional vomiting

**General symptoms:**
- Lethargy and decreased energy
- Sensitivity to light
- In severe cases, bone deformities or abnormal bone growth

In older dogs, skeletal symptoms in particular can be misattributed to arthritis or general aging. This is one reason Vitamin A toxicity is sometimes diagnosed late — the symptoms fit a familiar pattern and don't immediately suggest a nutritional cause.

---

## Diagnosing Vitamin A Toxicity

If Vitamin A toxicity is suspected, your veterinarian will typically:

- Take a thorough diet history — covering every food, supplement, oil, and treat your dog receives
- Run bloodwork, including serum retinol (Vitamin A) levels
- Assess liver enzyme levels, as the liver is the primary storage site and may show stress
- Take X-rays if skeletal symptoms are present, as chronic hypervitaminosis A can cause characteristic bony changes, including abnormal bone growth around joints and the spine

The diet history is critical and often reveals the accumulation clearly once all inputs are identified and added up.

---

## How to Rebalance: The Holistic Veterinary Approach

The good news is that in most cases — particularly when caught before severe skeletal changes have occurred — hypervitaminosis A is correctable. The process requires patience, as fat-soluble vitamin levels in the body decrease gradually, but meaningful improvement is achievable.

### Step 1: Remove the Excess Inputs

The first step is identifying and eliminating all sources of excess Vitamin A:

- Remove liver from the diet temporarily (or reduce to safe amounts under holistic or integrative veterinary guidance)
- Discontinue cod liver oil and replace with a non-liver fish oil (salmon oil, sardine oil, or algae-based omega-3s) that provides EPA and DHA without preformed Vitamin A
- Review all supplements for Vitamin A content and discontinue those that contribute to the excess
- If feeding a commercial food alongside home-prepared meals, check its Vitamin A content

This does not mean removing nutrition — it means recalibrating the balance.

### Step 2: Support Liver Function

The liver has worked hard to manage accumulated Vitamin A stores and may benefit from targeted support during the rebalancing process. Holistic and integrative veterinarians commonly recommend:

- **Milk thistle (silymarin)** — one of the most well-studied hepatoprotective botanicals, supporting liver cell regeneration and antioxidant defense
- **SAMe (S-adenosylmethionine)** — supports liver function and is particularly relevant for older dogs
- **N-acetyl cysteine (NAC)** — a precursor to glutathione, the liver's primary antioxidant
- **Dandelion root** — a traditional liver and digestive tonic with mild detoxifying properties

These should be used under holistic vet or veterinary nutritionist supervision, as dosing matters and interactions with any medications should be assessed.

### Step 3: Build a Properly Balanced Diet Going Forward

Once the correction is underway, the goal is building a diet that provides all the benefits of whole-food nutrition — including appropriate amounts of organ meat — without accumulating excess fat-soluble vitamins.

General guidelines for liver in home-prepared diets:
- Liver should typically comprise approximately **5% of a raw or home-prepared diet** by weight — not more
- It does not need to be fed daily; several times per week in appropriate amounts is sufficient
- Rotating organ meats (not all liver) provides variety without concentrating any single nutrient

A holistic vet or veterinary nutritionist specializing in [nutritional therapy](/specialty/nutritional-therapy/) can calculate appropriate amounts for your individual dog based on their size, age, health status, and any other foods or supplements in their regimen. This is particularly valuable for senior dogs, who may have reduced liver function and a lower tolerance to nutritional excess.

### Step 4: Monitor Progress

Follow-up bloodwork at intervals recommended by your holistic veterinarian allows tracking of serum Vitamin A levels as they normalize. Skeletal symptoms, if present, typically improve gradually over weeks to months as levels decrease.

---

## A Note on ""Detoxing"" Dogs

The concept of detoxing a dog is popular in holistic communities, and the instinct behind it — supporting the body's natural elimination processes — is sound. However, the term is used loosely and covers a wide range of practices, not all of which are appropriate or evidence-based.

For Vitamin A toxicity specifically, the most effective ""detox"" is straightforward: remove the source of excess, support the liver's natural ability to process and reduce its stores, and give the body time. There is no supplement or protocol that rapidly clears stored Vitamin A, and attempting aggressive detox protocols without veterinary guidance in a senior dog can cause more stress than benefit.

The liver and kidneys are the body's natural detoxification organs. Supporting them — through appropriate nutrition, hepatoprotective botanicals, hydration, and reduced chemical and nutritional burden — is the evidence-aligned approach.

---

## The Broader Lesson: Holistic Doesn't Mean Unlimited

The holistic veterinary philosophy is rooted in working with the body's natural processes — and nature operates on balance, not excess. Every nutrient has an optimal range. Fat-soluble vitamins, certain minerals (copper, iron), and some herbs can all accumulate to harmful levels when given without appropriate calibration.

This is why the guidance of a holistic veterinarian trained in [nutritional therapy](/specialty/nutritional-therapy/) is so valuable for owners feeding home-prepared or raw diets. The enthusiasm and care that drive owners to prepare their dogs' food from scratch are wonderful — but translating that care into genuinely optimal nutrition requires understanding not just what to include, but also how much, how often, and how each ingredient interacts with everything else in the diet.

For an older dog, especially one whose liver, kidney, and metabolic function may be reduced compared to younger years, this kind of calibrated, professional guidance is not just helpful. It's essential.

---

## Frequently Asked Questions

**How much liver is safe to feed a dog?**
As a general guideline, liver should make up approximately 5% of a home-prepared or raw diet by weight. For a 50-pound dog eating about one pound of food per day, that's roughly 0.8 ounces of liver daily — or a larger portion fed a few times per week. Exact amounts should be confirmed with a veterinary nutritionist based on your dog's specific diet and health status.

**Can Vitamin A toxicity in dogs be reversed?**
In most cases, yes — particularly when identified before severe skeletal changes have occurred. Removing excess Vitamin A sources and supporting liver function allows the body to gradually reduce its stores. Improvement is measured in weeks to months, not days. Severe cases with established bone deformities may not fully reverse, but can stabilize and improve in quality of life.

**Is cod liver oil safe for dogs?**
Cod liver oil contains high levels of preformed Vitamin A (retinol) as well as Vitamin D, in addition to beneficial omega-3 fatty acids. In small amounts, it is not harmful, but it is easy to over-supplement — particularly when liver is also being fed, or other supplements contain Vitamin A. Many holistic vets prefer regular fish oil (salmon, sardine, or anchovy oil) or algae-based omega-3 supplements, which provide EPA and DHA without the concentrated Vitamin A load.

**Should I detox my dog if I think they've had too much Vitamin A?**
The most effective approach is to remove excess sources, support liver function with appropriate botanicals under veterinary supervision, and allow the body time to rebalance. Aggressive detox protocols are generally not recommended — particularly in senior dogs — without professional guidance. Consult a holistic or integrative veterinarian before beginning any detox protocol.

**How do I find a vet who can help balance my dog's home-prepared diet?**
A holistic or integrative veterinarian specializing in nutritional therapy can assess your dog's current diet, calculate appropriate nutrient levels, and develop a protocol to correct any imbalances while preserving the whole-food approach you value. You can search our directory by location and filter by the Nutritional Therapy specialty to find qualified practitioners near you.

<script type=""application/ld+json"">
{
  ""@context"": ""https://schema.org"",
  ""@type"": ""FAQPage"",
  ""mainEntity"": [
    {
      ""@type"": ""Question"",
      ""name"": ""How much liver is safe to feed a dog?"",
      ""acceptedAnswer"": {
        ""@type"": ""Answer"",
        ""text"": ""As a general guideline, liver should make up approximately 5% of a home-prepared or raw diet by weight. Exact amounts should be confirmed with a veterinary nutritionist based on your dog's specific diet and health status, as factors like age, size, and other dietary inputs all affect the appropriate amount.""
      }
    },
    {
      ""@type"": ""Question"",
      ""name"": ""Can Vitamin A toxicity in dogs be reversed?"",
      ""acceptedAnswer"": {
        ""@type"": ""Answer"",
        ""text"": ""In most cases, yes — particularly when identified before severe skeletal changes have occurred. Removing excess Vitamin A sources and supporting liver function allows the body to gradually reduce its stores. Improvement is measured in weeks to months. Severe cases with established bone deformities may stabilize and improve in quality of life, but may not fully reverse.""
      }
    },
    {
      ""@type"": ""Question"",
      ""name"": ""Is cod liver oil safe for dogs?"",
      ""acceptedAnswer"": {
        ""@type"": ""Answer"",
        ""text"": ""Cod liver oil contains high levels of preformed Vitamin A and Vitamin D in addition to beneficial omega-3 fatty acids. In small amounts it is not harmful, but it is easy to over-supplement — particularly when liver is also being fed or other supplements contain Vitamin A. Many holistic vets prefer regular fish oil or algae-based omega-3 supplements, which provide EPA and DHA without the concentrated Vitamin A load.""
      }
    },
    {
      ""@type"": ""Question"",
      ""name"": ""Should I detox my dog if I think they have had too much Vitamin A?"",
      ""acceptedAnswer"": {
        ""@type"": ""Answer"",
        ""text"": ""The most effective approach is to remove excess sources, support liver function with appropriate botanicals under veterinary supervision, and allow the body time to rebalance. Aggressive detox protocols are generally not recommended without professional guidance, particularly in senior dogs. Consult a holistic or integrative veterinarian before beginning any detox protocol.""
      }
    },
    {
      ""@type"": ""Question"",
      ""name"": ""How do I find a vet who can help balance my dog's home-prepared diet?"",
      ""acceptedAnswer"": {
        ""@type"": ""Answer"",
        ""text"": ""A veterinarian specializing in nutritional therapy can assess your dog's current diet, calculate appropriate nutrient levels, and build a protocol that corrects any imbalances. You can search the Holistic Vet Directory by location and filter by the Nutritional Therapy specialty to find qualified practitioners near you.""
      }
    }
  ]
}
</script>

---

<div style=""background:#fff8f0;border-left:4px solid #F4A261;padding:16px 20px;border-radius:6px;margin:32px 0 16px;"">
<strong>Disclaimer:</strong> The information in this article is provided for educational purposes only and does not constitute veterinary medical advice, diagnosis, or treatment. Vitamin A toxicity in dogs varies in severity and requires evaluation by a licensed holistic or integrative veterinarian. Never make significant dietary changes or begin a supplement or detox protocol without consultation. If your dog is a senior or showing new symptoms, seek professional evaluation promptly. 
</div>","In the holistic pet community, more isn't always better. Vitamin A toxicity from overfeeding liver is one of the most common nutritional mistakes in home-prepared and raw diets — and it's entirely correctable with the right guidance.",Kevin Collins,2026-02-24,https://res.cloudinary.com/dnmrgvjdm/image/upload/v1771684322/OverSupplementDog_r8yyci.png,Feeding your dog liver and whole food supplements is well-intentioned — but too much can cause Vitamin A toxicity. Learn the signs and how a holistic vet can help rebalance.,Published,vitamin-a-toxicity-dogs-liver-overfeeding-rebalance,,,
"Environmental Allergies in Dogs: Symptoms, Triggers, and Holistic Relief","# Environmental Allergies in Dogs: Symptoms, Triggers, and Holistic Relief

Every spring, millions of dog owners notice the same thing: their dog starts scratching. Paws are chewed, ears are shaken, belly skin turns pink and inflamed. By fall, things settle down — until the following year, when the cycle begins again, a little worse than before.

This pattern is classic canine atopic dermatitis — environmental allergies driven by the immune system's overreaction to inhaled or contact allergens. It is the most common form of allergy in dogs, affecting an estimated 10 to 15 percent of the dog population. And while it is rarely curable, it is highly manageable — particularly when approached holistically with a focus on immune support, skin barrier maintenance, and trigger reduction.

<div style=""background:#f0f7f4;border-left:4px solid #2D6A4F;padding:16px 20px;border-radius:6px;margin:24px 0;"">
<strong>Important note:</strong> This article is for educational purposes only and does not constitute veterinary medical advice. Environmental allergies in dogs range from mild seasonal discomfort to severe, life-affecting conditions. Accurate diagnosis and treatment require evaluation by a licensed holistic or integrative veterinarian. If your dog is in acute distress, seek holistic or integrative veterinary care promptly.
</div>

---

## What Is Canine Atopic Dermatitis?

Canine atopic dermatitis (CAD) is a chronic, inflammatory skin disease caused by the immune system's hypersensitivity to environmental allergens. Unlike contact allergies — which require direct skin contact with an allergen — atopic dermatitis is typically triggered by allergens that are inhaled or absorbed through the skin.

The underlying problem is a combination of:

- **An overactive immune response** to substances that are not inherently harmful
- **A compromised skin barrier** that allows allergens to penetrate more easily than in healthy skin
- **Genetic predisposition** — atopic dermatitis runs in families and is significantly more common in certain breeds

The breed predisposition is strong. Dogs with elevated risk include Labrador and Golden Retrievers, Bulldogs, Bulldogs, West Highland White Terriers, Boxers, Cocker Spaniels, Shih Tzus, Pugs, Dalmatians, and German Shepherds — though any dog can develop atopic dermatitis.

---

## Common Environmental Triggers

The allergens that drive atopic dermatitis fall into two broad categories: outdoor and indoor.

### Outdoor (Seasonal) Triggers

- **Tree pollen** — often the earliest in the year (late winter through spring, depending on region)
- **Grass pollen** — peaks in late spring and early summer
- **Weed pollen** — peaks in late summer and fall (ragweed being the most common)
- **Mold spores** — can be present year-round but peak in damp seasons and after rain

### Indoor (Perennial) Triggers

- **Dust mites** — microscopic organisms present in virtually all homes, living in bedding, carpets, upholstered furniture, and dust. Their waste products are among the most potent allergens in both human and canine allergy.
- **Indoor mold** — particularly in damp areas of the home
- **Cockroach antigen** — a significant allergen in urban environments
- **Human dander** — dogs can be allergic to human skin cells
- **Household chemicals** — cleaning products, air fresheners, fabric softeners, synthetic fragrances

### Contact Triggers

Some dogs react to specific surfaces or materials on contact:
- Certain grasses and groundcovers
- Rubber or plastic materials (food bowls, toys)
- Fertilizers and lawn chemicals
- Wool or synthetic fabrics

For a deeper look at environmental triggers — including the often-overlooked role of water quality and household chemicals — Dogs Naturally Magazine covers additional factors in their guide to [Environmental Allergies In Dogs: Causes And Natural Remedies](https://www.dogsnaturallymagazine.com/natural-solutions-environmental-allergies-in-dogs/).

---

## How Environmental Allergies Progress Over Time

One of the most important things owners should understand about canine atopic dermatitis is that it tends to worsen over time without intervention.

The typical pattern:

**Early stages** — Symptoms are seasonal and relatively mild. The dog scratches for a few weeks in spring or fall, then returns to normal. Owners may dismiss this as temporary.

**Middle stages** — The allergy season lengthens. Symptoms start earlier and resolve later each year. Sensitivity to new allergens may develop (a process called epitope spreading). Secondary yeast and bacterial infections begin to occur.

**Advanced stages** — Symptoms become year-round. The skin shows chronic changes — thickening, darkening, hyperpigmentation. Infections are frequent. The dog requires ongoing management.

This progression underscores why early intervention matters. Managing atopic dermatitis aggressively in its early, mild stages gives the best chance of slowing this trajectory.

---

## Recognizing Environmental Allergy Symptoms

Environmental allergies in dogs produce a recognizable symptom pattern:

**Classic locations:**
- Paws (chewing, licking, reddish-brown staining from saliva)
- Face and muzzle (rubbing on carpet or furniture)
- Ears (recurring infections, head shaking)
- Armpits and groin (pink to red inflamed skin)
- Around the eyes

**Skin changes:**
- Redness and warmth
- Moisture between toes and in skin folds
- Recurring hot spots
- Over time: thickened, darkened, rough-textured skin

**Seasonal indicator:**
Symptoms that flare in spring and/or fall and improve in winter are strongly suggestive of pollen allergy. Symptoms that are present year-round without seasonal variation may involve dust mites or other perennial indoor allergens — or may indicate food allergy is also involved.

---

## The Conventional Approach and Its Limits

Standard treatment for canine atopic dermatitis includes antihistamines, corticosteroids, and newer targeted medications like Apoquel (oclacitinib) and Cytopoint (lokivetmab). These medications are effective at controlling the itch-inflammation cycle and have an important role in managing flares and severe cases.

The limitation is that they work by suppressing the immune response rather than addressing why it is overactive. For many dogs, the result is a lifetime of medication management with gradually increasing needs, periodic flares when medication is missed or inadequate, and the cumulative effects of long-term immune modulation.

Holistic veterinarians don't reject these medications — many integrative practitioners use them when needed. But the goal is to reduce dependence on symptom-suppressing drugs by addressing root causes: immune dysregulation, gut microbiome imbalance, and skin barrier dysfunction.

---

## The Holistic Approach to Environmental Allergies

### Reducing the Allergen Burden

The ""bucket"" model of allergies — in which symptoms appear only when the total allergen load exceeds a threshold — suggests that reducing triggers across multiple categories can keep the bucket below the overflow point even when it's impossible to eliminate any single trigger entirely.

Practical steps include:

- **Frequent paw wiping** after outdoor time to reduce allergen tracking into the home
- **Regular bathing** (1–2 times per week during peak season) with a gentle, species-appropriate shampoo to remove surface allergens before they penetrate the skin
- **HEPA air filtration** to reduce indoor airborne allergens
- **Washing bedding weekly** in hot water to reduce dust mite populations
- **Removing or reducing carpeting** where feasible, or using allergen-barrier covers on mattresses and dog beds
- **Avoiding synthetic lawn chemicals** — herbicides and pesticides can be direct contact irritants for sensitive dogs

### Supporting Skin Barrier Function

The skin barrier defect in atopic dogs is now understood to be a fundamental part of the disease — not just a consequence of scratching. Dogs with atopic dermatitis have structural differences in their skin that allow allergens to penetrate more easily. Repairing and maintaining this barrier reduces allergen absorption and breaks the inflammatory cycle.

Approaches include:

- **Essential fatty acid supplementation** — omega-3 fatty acids from fish oil or algae-based sources strengthen the lipid layer of the skin and reduce the permeability that allows allergens in
- **Therapeutic leave-on conditioners or barrier sprays** recommended by a veterinary dermatologist
- **Avoiding over-bathing with harsh shampoos** that strip natural skin oils

### Gut Health and Immune Modulation

The gut microbiome plays a central role in immune regulation. Research in both human and holistic or integrative veterinary medicine increasingly links gut dysbiosis (microbial imbalance) to the development and severity of atopic dermatitis. Supporting the gut microbiome supports the immune system's ability to respond appropriately to environmental exposures.

Interventions often recommended by holistic vets:

- **Probiotics** with validated dog-appropriate strains
- **Prebiotic fiber** to support microbial diversity
- **Anti-inflammatory diet** — minimally processed food, reduced omega-6 oils, adequate omega-3 supplementation

### Immunotherapy

For dogs with confirmed environmental allergies (diagnosed through intradermal or serum allergy testing), allergen-specific immunotherapy (allergy shots or sublingual drops) can gradually reduce sensitivity over time. This is the closest thing to a disease-modifying treatment that currently exists for atopic dermatitis and is often recommended by both conventional dermatologists and holistic practitioners as part of a long-term management strategy.

---

## The TCVM View of Environmental Allergies

[Traditional Chinese Veterinary Medicine](/specialty/traditional-chinese-veterinary-medicine-tcvm/) offers a framework that complements Western diagnostics for dogs with atopic dermatitis. Environmental allergies most commonly fall into the **Wind Heat** pattern — characterized by intense, acute itching, red inflamed skin, and a dog who seeks cool surfaces and may be restless. Seasonal flares correspond to the arrival of Wind (a pathogenic factor in TCVM) in spring.

Acupuncture and Chinese herbal formulas tailored to the dog's individual pattern can modulate the immune response, reduce itching, and support the skin and underlying organ systems. For dogs who have reached the chronic, long-standing stage with thickened skin and frequent infections, TCVM patterns shift and treatment approaches adapt accordingly.

---

## What to Expect With Holistic Management

Environmental allergy management is a long-term commitment. There is no quick fix and no single intervention that resolves the problem — a point Dogs Naturally explores in their article [Dog Allergies](https://www.dogsnaturallymagazine.com/dog-allergies/). But with consistent management — reducing triggers, supporting the skin barrier, maintaining gut health, and using pharmaceutical support judiciously — most atopic dogs can achieve significantly better quality of life than symptom suppression alone provides.

For our complete overview of how holistic vets approach all types of dog allergies, see the [Holistic Approaches to Dog Allergies: A Complete Guide](/blog/holistic-approaches-dog-allergies-complete-guide/).

---

## Frequently Asked Questions

**What is canine atopic dermatitis?**
Canine atopic dermatitis (CAD) is a chronic inflammatory skin disease caused by the immune system's overreaction to environmental allergens such as pollen, dust mites, and mold. It is the most common form of allergy in dogs, affecting an estimated 10–15% of the dog population, and has a strong genetic component. Symptoms concentrate in the paws, face, ears, armpits, and groin.

**What are the most common environmental allergens for dogs?**
The most common triggers are dust mites (present year-round in most homes), tree pollen (spring), grass pollen (late spring and summer), weed pollen including ragweed (fall), and mold spores. Indoor allergens like dust mites and mold cause year-round symptoms, while outdoor pollens drive seasonal flares.

**Can environmental allergies in dogs be cured?**
Environmental allergies in dogs cannot be cured, but they can be managed effectively. Allergen-specific immunotherapy (allergy shots or sublingual drops) is the closest thing to a disease-modifying treatment available. With consistent management — skin barrier support, gut health optimization, allergen burden reduction, and appropriate pharmaceutical or holistic interventions — most atopic dogs can achieve significantly better quality of life.

**Why do my dog's environmental allergies seem to get worse every year?**
Canine atopic dermatitis tends to progress without effective intervention. The immune system can become sensitized to additional allergens over time (epitope spreading), allergy seasons lengthen as sensitivity increases, and the threshold for triggering symptoms gradually lowers. Early, comprehensive management — not just seasonal medication — is the most effective way to slow this progression.

<script type=""application/ld+json"">
{
  ""@context"": ""https://schema.org"",
  ""@type"": ""FAQPage"",
  ""mainEntity"": [
    {
      ""@type"": ""Question"",
      ""name"": ""What is canine atopic dermatitis?"",
      ""acceptedAnswer"": {
        ""@type"": ""Answer"",
        ""text"": ""Canine atopic dermatitis (CAD) is a chronic inflammatory skin disease caused by the immune system's overreaction to environmental allergens such as pollen, dust mites, and mold. It affects an estimated 10–15% of dogs and has a strong genetic component. Symptoms concentrate in the paws, face, ears, armpits, and groin.""
      }
    },
    {
      ""@type"": ""Question"",
      ""name"": ""What are the most common environmental allergens for dogs?"",
      ""acceptedAnswer"": {
        ""@type"": ""Answer"",
        ""text"": ""The most common triggers are dust mites (year-round), tree pollen (spring), grass pollen (late spring/summer), weed pollen including ragweed (fall), and mold spores. Indoor allergens like dust mites and mold cause year-round symptoms; outdoor pollens drive seasonal flares.""
      }
    },
    {
      ""@type"": ""Question"",
      ""name"": ""Can environmental allergies in dogs be cured?"",
      ""acceptedAnswer"": {
        ""@type"": ""Answer"",
        ""text"": ""Environmental allergies in dogs cannot be cured, but they can be managed effectively. Allergen-specific immunotherapy is the closest to a disease-modifying treatment available. With consistent management including skin barrier support, gut health optimization, and allergen reduction, most atopic dogs can achieve significantly better quality of life.""
      }
    },
    {
      ""@type"": ""Question"",
      ""name"": ""Why do my dog's environmental allergies get worse every year?"",
      ""acceptedAnswer"": {
        ""@type"": ""Answer"",
        ""text"": ""Canine atopic dermatitis tends to progress without effective intervention. The immune system can become sensitized to additional allergens over time (epitope spreading), allergy seasons lengthen, and the threshold for triggering symptoms lowers. Early, comprehensive management is the most effective way to slow this progression.""
      }
    }
  ]
}
</script>

---

<div style=""background:#fff8f0;border-left:4px solid #F4A261;padding:16px 20px;border-radius:6px;margin:32px 0 16px;"">
<strong>Disclaimer:</strong> The information in this article is provided for educational purposes only and does not constitute eterinary medical advice, diagnosis, or treatment. Canine atopic dermatitis requires diagnosis and management by a licensed holistic or integrative veterinarian. If your dog is currently on prescribed allergy medications, do not discontinue them without veterinary guidance. Always seek professional evaluation before beginning any new supplement or treatment protocol.
</div>
",Environmental allergies — officially called canine atopic dermatitis — affect millions of dogs. Understanding the triggers and supporting the immune system from the inside out offers the best path to lasting relief.,Kevin Collins,2026-02-24,https://res.cloudinary.com/dnmrgvjdm/image/upload/v1771609073/triggersrelief_rgrpmp.png,"Environmental allergies are the most common type of allergy in dogs. Learn what triggers them, how they progress, and how holistic vets approach long-term management.",Published,environmental-allergies-dogs-symptoms-triggers-holistic,,,
"Valley Fever in Dogs: Symptoms, Diagnosis, and How Holistic Care Can Help","If you live in Arizona, California, Nevada, New Mexico, or Texas, there is a health threat lurking in the soil that many pet owners have never heard of — and that many veterinarians outside the region may not immediately recognize. Valley Fever, formally known as Coccidioidomycosis, is a serious fungal infection that affects thousands of dogs every year, and it is frequently mistaken for other conditions until the disease has already progressed.

Understanding Valley Fever — what it is, how dogs get it, and what to watch for — could save your dog's life.

<div style=""background:#f0f7f4;border-left:4px solid #2D6A4F;padding:16px 20px;border-radius:6px;margin:24px 0;"">
<strong>Important note:</strong> This article is for educational and awareness purposes only and does not constitute veterinary medical advice. Valley Fever can be a life-threatening condition that requires prompt diagnosis and treatment by a licensed veterinarian. If your dog is showing any of the symptoms described in this article, contact your veterinarian immediately. Do not attempt to treat Valley Fever at home.
</div>

---

## What Is Valley Fever?

Valley Fever is caused by *Coccidioides immitis* and *Coccidioides posadasii*, fungi that live in the soil of arid and semi-arid regions. When soil is disturbed — by wind, digging, construction, or even a dog simply sniffing the ground — microscopic spores called arthroconidia become airborne and can be inhaled.

Once inside the lungs, these spores transform into a different form of the fungus and begin to multiply. In many cases the immune system contains the infection to the lungs. In others — particularly in dogs with a less robust immune response — the fungus spreads beyond the lungs to other parts of the body in what is called disseminated Valley Fever. This is where the condition becomes genuinely dangerous.

Dogs are significantly more susceptible to Valley Fever than humans, and they are exposed far more often because of their natural behaviors — digging, sniffing at ground level, and exploring disturbed soil.

---

## Where Valley Fever Is Found

Valley Fever is primarily a disease of the American Southwest, though its geographic range has been expanding in recent years as climate conditions change.

<table style=""width:100%;border-collapse:collapse;margin:24px 0;"">
  <thead>
    <tr style=""background:#2D6A4F;color:white;"">
      <th style=""padding:12px 16px;text-align:left;width:40%;"">Region</th>
      <th style=""padding:12px 16px;text-align:left;width:60%;"">Risk Level and Notes</th>
    </tr>
  </thead>
  <tbody>
    <tr style=""background:#f0f7f4;"">
      <td style=""padding:12px 16px;border-bottom:1px solid #dee2e6;font-weight:600;"">Arizona (especially Phoenix, Tucson)</td>
      <td style=""padding:12px 16px;border-bottom:1px solid #dee2e6;"">Highest risk — the epicenter of Valley Fever cases in the US</td>
    </tr>
    <tr>
      <td style=""padding:12px 16px;border-bottom:1px solid #dee2e6;font-weight:600;"">Central California (San Joaquin Valley)</td>
      <td style=""padding:12px 16px;border-bottom:1px solid #dee2e6;"">Very high risk — region gives the disease its common name</td>
    </tr>
    <tr style=""background:#f0f7f4;"">
      <td style=""padding:12px 16px;border-bottom:1px solid #dee2e6;font-weight:600;"">New Mexico, Nevada, Utah, Texas</td>
      <td style=""padding:12px 16px;border-bottom:1px solid #dee2e6;"">Moderate to high risk, particularly in desert areas</td>
    </tr>
    <tr>
      <td style=""padding:12px 16px;border-bottom:1px solid #dee2e6;font-weight:600;"">Pacific Northwest, parts of Washington</td>
      <td style=""padding:12px 16px;border-bottom:1px solid #dee2e6;"">Emerging cases — range expanding northward</td>
    </tr>
    <tr style=""background:#f0f7f4;"">
      <td style=""padding:12px 16px;"">Outside endemic regions</td>
      <td style=""padding:12px 16px;"">Dogs can become infected while traveling and show symptoms after returning home — often leading to delayed diagnosis</td>
    </tr>
  </tbody>
</table>

This last point is critically important. If your dog has recently traveled to the Southwest and develops unexplained respiratory or systemic symptoms weeks later, Valley Fever must be on the list of possibilities — even if you live somewhere it is not normally seen.

---

## Why Valley Fever Is So Often Missed

Valley Fever is sometimes called ""the great imitator"" because its symptoms overlap with so many other conditions. A dog presenting with coughing and fever might be evaluated for kennel cough, pneumonia, or allergies. A dog with lameness and swelling might be assessed for orthopedic injury. A dog losing weight and showing lethargy might be worked up for cancer or autoimmune disease.

Without a specific test for Valley Fever, and without a veterinarian who thinks to ask about geographic exposure, weeks or months can pass before the correct diagnosis is made — time during which the infection continues to progress.

---

## Warning Signs to Watch For

Symptoms vary significantly depending on whether the infection remains in the lungs or disseminates to other parts of the body.

### Primary (Lung) Infection

These signs typically appear two to four weeks after exposure:

- Persistent dry or harsh cough
- Fever that does not resolve with standard treatment
- Lethargy and decreased activity
- Loss of appetite and weight loss
- Difficulty breathing in more serious cases

### Disseminated Infection

When the fungus spreads beyond the lungs, the symptoms depend on where it travels:

- **Bones and joints** — lameness, limping, painful swelling over bones, reluctance to bear weight
- **Skin** — draining sores or lesions that do not heal normally
- **Eyes** — redness, cloudiness, discharge, or sudden blindness
- **Brain and spinal cord** — seizures, sudden behavior changes, loss of coordination, paralysis
- **Lymph nodes** — firm, enlarged nodes under the jaw, in front of the shoulders, or behind the knees

> **If your dog develops seizures, sudden blindness, or rapid neurological changes and has any history of travel to or residence in the Southwest, seek emergency veterinary care immediately.** Disseminated Valley Fever affecting the central nervous system is a medical emergency.

---

## How Valley Fever Is Diagnosed

Diagnosis typically involves a combination of the following:

**Serology (titer test)** — A blood test that measures the level of antibodies the immune system has produced against *Coccidioides*. This is the most commonly used diagnostic tool. A positive titer strongly suggests active infection, and the titer level gives some indication of severity.

**Chest X-rays** — Most dogs with primary Valley Fever show characteristic changes in the lungs, including enlarged lymph nodes near the airways and areas of inflammation.

**Urinalysis and bloodwork** — Can reveal systemic inflammation and help assess organ function, particularly important for monitoring during treatment.

**Bone X-rays** — If lameness or bone pain is present, X-rays of the affected area often show characteristic bone lesions.

**Fungal culture or tissue biopsy** — Less commonly used but definitive. Growing the organism in culture or identifying it in tissue confirms the diagnosis.

---

## Conventional Treatment

The primary treatment for Valley Fever is long-term antifungal medication. The two most commonly prescribed are:

- **Fluconazole** — Generally the preferred first-line treatment; well-tolerated by most dogs
- **Itraconazole** — An alternative for dogs that do not respond to fluconazole

Treatment is typically required for a **minimum of six to twelve months**, and in some cases — particularly with disseminated disease or recurring infections — it must continue for the dog's entire life. This is not optional. Stopping treatment prematurely is one of the most common causes of relapse.

The medication is generally effective at controlling the infection, but it does not eradicate the fungus entirely. The goal is to suppress the organism enough that the immune system can keep it in check. Regular recheck titers are used to monitor progress and determine when — or whether — medication can eventually be tapered.

---

## Where Holistic and Integrative Veterinary Care Fits In

Conventional antifungal treatment is non-negotiable for Valley Fever — this is not a condition to approach with natural remedies alone. However, holistic and integrative veterinarians have a meaningful role to play in supporting a dog's long-term health and quality of life during what is often a prolonged treatment process.

**Liver support** is one of the most important areas. Long-term antifungal medications — particularly itraconazole — place a significant burden on the liver. Holistic vets commonly recommend milk thistle (silymarin), SAMe, or other hepatoprotective supplements to support liver function throughout treatment. Regular liver enzyme monitoring is essential.

**Immune support** through nutrition, targeted supplementation, and stress reduction helps the immune system do its part in containing the infection. A [nutritional therapy](/specialty/nutritional-therapy/) consultation can help ensure your dog's diet is anti-inflammatory and genuinely supportive of immune function during this demanding time.

**Acupuncture** can support quality of life in dogs dealing with chronic pain from bone or joint involvement, and may help with fatigue and appetite in dogs who are struggling with the physical burden of long-term illness. [Acupuncture](/specialty/acupuncture/) is well established as a supportive tool for chronic disease management in veterinary medicine.

**Traditional Chinese Veterinary Medicine (TCVM)** offers a framework for understanding and supporting the systemic imbalances that chronic fungal disease creates. A [TCVM-trained veterinarian](/specialty/traditional-chinese-veterinary-medicine-tcvm/) may incorporate herbal formulas and food therapy to address the patterns underlying a dog's particular presentation — something conventional medicine does not have tools for.

If your dog has been diagnosed with Valley Fever and you are interested in integrative support alongside conventional treatment, look for a veterinarian experienced in working with chronic infectious disease who is willing to coordinate care with your primary vet.

---

## Living With a Dog Diagnosed With Valley Fever

A Valley Fever diagnosis is frightening, but many dogs go on to live full and happy lives with appropriate treatment. A few things that help:

- **Stay consistent with medication** — missed doses are one of the most common reasons for treatment failure
- **Attend all recheck appointments** — titer monitoring is how your vet knows if the treatment is working
- **Reduce high-impact exercise during active disease** — bones weakened by disseminated infection are at risk of fracture
- **Communicate with your vet about anything new** — new symptoms during treatment can signal a change in the disease
- **Inform any new veterinarian** — if you move or see a specialist, make sure Valley Fever history is part of your dog's record

---

## Frequently Asked Questions

**What is Valley Fever in dogs?**
Valley Fever (Coccidioidomycosis) is a fungal infection caused by *Coccidioides* species that live in the soil of the American Southwest. Dogs become infected by inhaling microscopic spores from disturbed soil. The infection can remain in the lungs or spread throughout the body, causing a wide range of symptoms depending on severity.

**How do dogs get Valley Fever?**
Dogs are infected by inhaling airborne fungal spores kicked up from disturbed soil. Digging, sniffing at ground level, and exploring dusty or construction areas all increase exposure risk. The disease is most common in Arizona, California's San Joaquin Valley, New Mexico, Nevada, and Texas, but dogs can be exposed while traveling and show symptoms weeks later after returning home.

**What are the symptoms of Valley Fever in dogs?**
Early symptoms include persistent coughing, fever, lethargy, loss of appetite, and weight loss. If the infection spreads beyond the lungs (disseminated Valley Fever), dogs may develop lameness, bone swelling, draining skin sores, eye problems, or — in the most serious cases — seizures, loss of coordination, and other neurological signs. Any dog with these symptoms and a history of travel to the Southwest should be tested promptly.

**Can Valley Fever in dogs be cured?**
Most dogs with Valley Fever are managed rather than fully cured. Long-term antifungal medication (typically 6–12 months minimum) suppresses the infection and allows the immune system to contain it. Some dogs require lifelong treatment, particularly those with disseminated disease or recurring infections. With consistent treatment, many dogs live full, comfortable lives.

**How can a holistic vet help a dog with Valley Fever?**
Holistic vets provide complementary support alongside required conventional antifungal treatment. They commonly recommend liver-supportive supplements (such as milk thistle or SAMe) to protect against medication side effects, use acupuncture to manage chronic pain from bone involvement, and apply nutritional and TCVM approaches to support immune function and quality of life during prolonged treatment.

<script type=""application/ld+json"">
{
  ""@context"": ""https://schema.org"",
  ""@type"": ""FAQPage"",
  ""mainEntity"": [
    {
      ""@type"": ""Question"",
      ""name"": ""What is Valley Fever in dogs?"",
      ""acceptedAnswer"": {
        ""@type"": ""Answer"",
        ""text"": ""Valley Fever (Coccidioidomycosis) is a fungal infection caused by Coccidioides species that live in the soil of the American Southwest. Dogs become infected by inhaling microscopic spores from disturbed soil. The infection can remain in the lungs or spread throughout the body in what is called disseminated Valley Fever.""
      }
    },
    {
      ""@type"": ""Question"",
      ""name"": ""How do dogs get Valley Fever?"",
      ""acceptedAnswer"": {
        ""@type"": ""Answer"",
        ""text"": ""Dogs are infected by inhaling airborne fungal spores from disturbed soil. Digging, sniffing at ground level, and exploring dusty areas all increase exposure risk. The disease is most common in Arizona, California's San Joaquin Valley, New Mexico, Nevada, and Texas. Dogs can be exposed while traveling and show symptoms weeks later.""
      }
    },
    {
      ""@type"": ""Question"",
      ""name"": ""What are the symptoms of Valley Fever in dogs?"",
      ""acceptedAnswer"": {
        ""@type"": ""Answer"",
        ""text"": ""Early symptoms include persistent coughing, fever, lethargy, loss of appetite, and weight loss. If the infection spreads beyond the lungs, dogs may develop lameness, bone swelling, draining skin sores, eye problems, or neurological signs including seizures and loss of coordination.""
      }
    },
    {
      ""@type"": ""Question"",
      ""name"": ""Can Valley Fever in dogs be cured?"",
      ""acceptedAnswer"": {
        ""@type"": ""Answer"",
        ""text"": ""Most dogs with Valley Fever are managed rather than fully cured. Long-term antifungal medication (typically 6–12 months minimum) suppresses the infection. Some dogs require lifelong treatment. With consistent treatment, many dogs live full, comfortable lives.""
      }
    },
    {
      ""@type"": ""Question"",
      ""name"": ""How can a holistic vet help a dog with Valley Fever?"",
      ""acceptedAnswer"": {
        ""@type"": ""Answer"",
        ""text"": ""Holistic vets provide complementary support alongside conventional antifungal treatment. They commonly recommend liver-supportive supplements to protect against medication side effects, use acupuncture for chronic pain management, and apply nutritional and TCVM approaches to support immune function during prolonged treatment.""
      }
    }
  ]
}
</script>

---

<div style=""background:#fff8f0;border-left:4px solid #F4A261;padding:16px 20px;border-radius:6px;margin:32px 0 16px;"">
<strong>Disclaimer:</strong> The information in this article is provided for educational and awareness purposes only. It does not constitute veterinary medical advice, diagnosis, or treatment. Valley Fever is a serious disease that requires diagnosis and management by a licensed veterinarian. Never delay seeking professional veterinary care based on information read online. If your dog is showing symptoms consistent with Valley Fever — particularly if you live in or have recently traveled to the southwestern United States — contact your veterinarian promptly. The holistic and integrative approaches mentioned in this article are intended to complement, not replace, conventional veterinary treatment.
</div>
","Valley Fever is one of the most commonly misdiagnosed conditions in dogs living in the American Southwest. Learn what it is, how to spot it early, and how integrative veterinary care supports long-term recovery.",Kevin Collins,2026-02-24,https://res.cloudinary.com/dnmrgvjdm/image/upload/v1771560922/GoldenRetrieverPuppyDogAtticus5MonthsOldSmellingNoseSniffingPup4_g84j1r.png,"Valley Fever is a serious fungal infection affecting dogs in the Southwest US. Learn the warning signs, how it's diagnosed, and how holistic veterinary care supports recovery.",Published,valley-fever-dogs-symptoms-treatment,,,
Holistic Approaches to Dog Allergies: A Complete Guide,"# Holistic Approaches to Dog Allergies: A Complete Guide

Dog allergies are one of the most common — and most frustrating — conditions that bring pet owners to the veterinarian. The itching, the paw chewing, the recurring ear infections, the inflamed skin that never quite heals. For many dogs, these symptoms become a cycle: a steroid shot provides relief, the symptoms return, another shot is given, and gradually the treatments stop working as well as they once did.

Holistic and integrative veterinarians approach dog allergies from a fundamentally different starting point. Rather than asking only ""how do we stop the itch,"" they ask ""why is this dog's immune system responding this way, and what can we do to change that?"" The answers lead to treatments that go far deeper than symptom suppression — and for many dogs, they lead to lasting improvement that conventional medicine alone rarely achieves.

<div style=""background:#f0f7f4;border-left:4px solid #2D6A4F;padding:16px 20px;border-radius:6px;margin:24px 0;"">
<strong>Important note:</strong> This article is for educational purposes only and does not constitute veterinary medical advice. Dog allergies range from mild seasonal discomfort to severe, life-affecting conditions that require professional diagnosis. Always consult a licensed veterinarian before beginning any new treatment, supplement, or dietary protocol for your pet. If your dog is experiencing acute distress, seek veterinary care promptly.
</div>

---

## Understanding Dog Allergies: What Is Actually Happening

An allergy is an overreaction of the immune system to a substance that is not inherently harmful. In a dog without allergies, pollen, dust mites, chicken protein, or grass cause no immune response. In an allergic dog, the immune system identifies these substances as threats and launches an inflammatory response — producing the itching, redness, swelling, and discomfort that owners find so distressing.

What makes dog allergies particularly complex is that they are rarely caused by a single trigger. Most allergic dogs have a combination of sensitivities that compound each other. A dog who is mildly reactive to dust mites and mildly reactive to chicken may show no symptoms when exposed to either one alone — but when both are present simultaneously, the combined immune burden crosses a threshold and symptoms appear. Holistic veterinarians call this the **""bucket"" model** of allergies: each trigger adds to the bucket, and symptoms only appear when the bucket overflows.

This model explains why simply eliminating one allergen often provides incomplete relief, and why treating the immune system's overall reactivity — rather than hunting for a single culprit — is frequently more effective.

---

## Types of Dog Allergies

### Food Allergies and Food Sensitivities

True food allergies involve an immune response to a specific protein. The most common culprits in dogs are:

- Beef
- Chicken
- Dairy
- Wheat and gluten
- Eggs
- Soy
- Lamb (increasingly common as it has become a widespread ""novel"" protein)

Food **sensitivities** — which are distinct from true allergies — involve digestive reactions that do not trigger the same immune cascade but still cause significant discomfort, including loose stools, gas, bloating, and skin symptoms.

Signs that food may be driving your dog's allergies include year-round symptoms (rather than seasonal flares), digestive involvement alongside skin issues, and symptoms that began or worsened after a diet change.

### Environmental Allergies (Atopic Dermatitis)

Environmental allergies — formally called canine atopic dermatitis — are triggered by inhaled or contact allergens including:

- Pollen (trees, grasses, weeds)
- Dust mites
- Mold spores
- Fleas (flea allergy dermatitis is one of the most common allergic conditions in dogs)
- Cleaning products and household chemicals
- Synthetic fabrics and carpeting

Environmental allergies tend to be seasonal initially and may become year-round as sensitivity increases over time. Classic signs include itching concentrated on the paws, face, ears, armpits, and groin — areas where the skin is thinner and more exposed.

### Contact Allergies

Less common, contact allergies develop when skin comes into direct contact with an allergen — certain grasses, fertilizers, rubber, or plastics. Signs are typically localized to the area of contact.

---

## Why Conventional Treatment Often Falls Short

Conventional allergy management typically involves antihistamines, corticosteroids, or newer pharmaceutical options like Apoquel and Cytopoint. These medications are effective at controlling symptoms and have an important role in managing acute flares and severe cases. But they share a fundamental limitation: they suppress the immune response without addressing why that response is overactive in the first place.

The result for many dogs is a lifetime of medication management with gradually increasing doses, periodic flares, and the cumulative side effects of long-term immune suppression — including increased susceptibility to infections, weight gain, and for steroids in particular, effects on liver and adrenal function.

Holistic veterinarians do not reject these medications. Many integrative practitioners use them when needed, particularly to provide relief during an acute flare while deeper work begins. But the goal is to reduce dependence on symptom-suppressing drugs by addressing root causes — and for a significant number of dogs, that goal is achievable.

---

## The Holistic Veterinary Approach to Dog Allergies

### Step 1: Comprehensive Assessment

A holistic vet will typically spend considerably more time on the initial consultation than a conventional appointment allows. The assessment covers:

- Full diet history (every food, treat, and supplement your dog has received)
- Vaccination history and medication history
- Environmental exposures at home and outside
- Symptom timeline and pattern (seasonal, year-round, after specific exposures)
- Digestive health (stool quality, frequency, any vomiting or gas)
- Family history if known
- Overall energy, sleep, and behavior

This comprehensive picture often reveals patterns and connections that a shorter appointment would miss — including correlations between diet changes and symptom flares, or between antibiotic courses and the onset of chronic skin issues.

### Step 2: Identifying and Reducing the Allergen Burden

Rather than testing for and eliminating a single allergen, holistic vets work to reduce the overall burden across multiple categories simultaneously.

**Dietary elimination trials** are the gold standard for identifying food triggers. A strict elimination diet using a novel protein (one the dog has never eaten before, such as venison, rabbit, or kangaroo) and a novel carbohydrate is maintained for 8–12 weeks. During this period, no treats, flavored medications, or supplements other than those approved by the vet are given. If symptoms improve significantly, foods are reintroduced one at a time to identify triggers.

**Environmental modifications** may include more frequent washing of bedding, HEPA air filtration, avoiding synthetic lawn chemicals, and regular paw wiping after outdoor time to reduce allergen tracking into the home.

**Flea prevention** is addressed rigorously, as a single flea bite can trigger a significant reaction in a flea-allergic dog.

### Step 3: Supporting the Immune System and Gut

One of the most important insights in holistic veterinary medicine — increasingly supported by conventional research — is the connection between gut health and immune function. Approximately 70 percent of the immune system is housed in and around the gastrointestinal tract. A dog with a compromised gut microbiome is a dog with a compromised immune response.

**Probiotics and prebiotics** are commonly recommended to restore and maintain a healthy microbial population in the gut. Species-appropriate strains matter — a holistic vet can recommend formulations that are specifically validated for dogs.

**Digestive enzyme support** helps ensure that proteins are fully broken down before absorption, reducing the likelihood that incompletely digested protein fragments trigger an immune response.

**Omega-3 fatty acids** (from fish oil or algae-based sources) reduce systemic inflammation, support the skin barrier, and help modulate the overactive immune response that drives allergic reactions. Research consistently supports their use in canine atopic dermatitis.

### Step 4: Skin Barrier Support

Allergic dogs often have a compromised skin barrier — the outer layer of skin that normally prevents allergens from penetrating. When this barrier is damaged, allergens that would otherwise cause no reaction gain access to the immune cells beneath the skin, triggering inflammation. Repairing and maintaining the skin barrier is a key component of holistic allergy management.

Approaches include:
- Essential fatty acid supplementation
- Therapeutic bathing with species-appropriate shampoos that cleanse allergens without stripping natural oils
- Topical barrier support products recommended by a veterinary dermatologist or holistic vet

---

## Holistic Treatments for Dog Allergies

<table style=""width:100%;border-collapse:collapse;margin:24px 0;"">
  <thead>
    <tr style=""background:#2D6A4F;color:white;"">
      <th style=""padding:12px 16px;text-align:left;width:25%;"">Treatment</th>
      <th style=""padding:12px 16px;text-align:left;width:40%;"">How It Helps With Allergies</th>
      <th style=""padding:12px 16px;text-align:left;width:35%;"">Best For</th>
    </tr>
  </thead>
  <tbody>
    <tr style=""background:#f0f7f4;"">
      <td style=""padding:12px 16px;border-bottom:1px solid #dee2e6;font-weight:600;"">Dietary change</td>
      <td style=""padding:12px 16px;border-bottom:1px solid #dee2e6;"">Removes food triggers; reduces systemic inflammation; supports gut microbiome</td>
      <td style=""padding:12px 16px;border-bottom:1px solid #dee2e6;"">All allergic dogs; foundational step</td>
    </tr>
    <tr>
      <td style=""padding:12px 16px;border-bottom:1px solid #dee2e6;font-weight:600;"">Omega-3 fatty acids</td>
      <td style=""padding:12px 16px;border-bottom:1px solid #dee2e6;"">Reduces inflammatory response; supports skin barrier; well-supported by research</td>
      <td style=""padding:12px 16px;border-bottom:1px solid #dee2e6;"">Atopic dermatitis; skin and coat issues</td>
    </tr>
    <tr style=""background:#f0f7f4;"">
      <td style=""padding:12px 16px;border-bottom:1px solid #dee2e6;font-weight:600;"">Probiotics</td>
      <td style=""padding:12px 16px;border-bottom:1px solid #dee2e6;"">Restores gut microbiome; supports immune regulation; reduces gut-driven inflammation</td>
      <td style=""padding:12px 16px;border-bottom:1px solid #dee2e6;"">All allergic dogs; especially post-antibiotic</td>
    </tr>
    <tr>
      <td style=""padding:12px 16px;border-bottom:1px solid #dee2e6;font-weight:600;"">Acupuncture</td>
      <td style=""padding:12px 16px;border-bottom:1px solid #dee2e6;"">Modulates immune response; reduces systemic inflammation; addresses TCVM patterns</td>
      <td style=""padding:12px 16px;border-bottom:1px solid #dee2e6;"">Chronic or severe atopic dermatitis</td>
    </tr>
    <tr style=""background:#f0f7f4;"">
      <td style=""padding:12px 16px;border-bottom:1px solid #dee2e6;font-weight:600;"">Chinese herbal medicine</td>
      <td style=""padding:12px 16px;border-bottom:1px solid #dee2e6;"">Addresses underlying constitutional patterns; supports skin, liver, and immune function</td>
      <td style=""padding:12px 16px;border-bottom:1px solid #dee2e6;"">Chronic allergies with digestive or systemic involvement</td>
    </tr>
    <tr>
      <td style=""padding:12px 16px;border-bottom:1px solid #dee2e6;font-weight:600;"">Herbal anti-inflammatories</td>
      <td style=""padding:12px 16px;border-bottom:1px solid #dee2e6;"">Quercetin, turmeric, and spirulina have demonstrated anti-inflammatory and antihistamine properties</td>
      <td style=""padding:12px 16px;border-bottom:1px solid #dee2e6;"">Mild to moderate seasonal allergies; maintenance support</td>
    </tr>
    <tr style=""background:#f0f7f4;"">
      <td style=""padding:12px 16px;"">Hydrotherapy and bathing protocols</td>
      <td style=""padding:12px 16px;"">Removes surface allergens; supports skin barrier; reduces microbial overgrowth</td>
      <td style=""padding:12px 16px;"">Environmental allergies; dogs with secondary skin infections</td>
    </tr>
  </tbody>
</table>

> **Important:** Herbal supplements including quercetin and turmeric can interact with medications and are not appropriate for all dogs. Always consult a veterinarian trained in botanical medicine before adding any supplement to your dog's regimen.

---

## The TCVM Perspective on Dog Allergies

Traditional Chinese Veterinary Medicine offers a framework for understanding allergic dogs that complements Western diagnostics. Rather than categorizing by allergen type, TCVM classifies patients by constitutional pattern — the underlying imbalance that makes the immune system overreactive in the first place.

Common TCVM patterns in allergic dogs include:

**Wind Heat** — acute allergic reactions with intense itching, redness, and skin that is hot to the touch. The dog may seek cool surfaces and be restless. This pattern often corresponds to seasonal environmental allergies.

**Damp Heat** — chronic skin inflammation with greasy, smelly skin, secondary yeast or bacterial infections, and digestive involvement. This pattern is common in dogs with a combination of food sensitivities and environmental allergies.

**Blood Deficiency** — dry, flaky skin with chronic low-level itching, often in older dogs. The skin may appear dull and the coat thin. This pattern is associated with chronic immune exhaustion.

A [TCVM-trained veterinarian](/specialty/traditional-chinese-veterinary-medicine-tcvm/) will assess your dog's pattern through pulse diagnosis, tongue examination, and clinical observation, then build a treatment plan using acupuncture, Chinese herbal formulas, and food therapy tailored to that specific pattern. This explains why two dogs with identical-looking allergy symptoms may need completely different treatments — and why the same herbal formula that helps one dog may not help another.

---

## What Type of Holistic Vet to Look For

Different specialties are particularly relevant for allergic dogs:

**Integrative veterinarians** are ideal for dogs with moderate to severe allergies that have not responded adequately to conventional treatment. They can coordinate conventional diagnostics (allergy testing, skin cytology, bloodwork) with holistic treatment approaches, and manage pharmaceutical support alongside natural therapies.

**Veterinarians specializing in [nutritional therapy](/specialty/nutritional-therapy/)** are essential if diet is suspected as a driver — which it frequently is. They can design and supervise an elimination trial, interpret the results, and build a long-term diet protocol tailored to your dog's sensitivities and health history.

**Veterinarians trained in [Traditional Chinese Veterinary Medicine](/specialty/traditional-chinese-veterinary-medicine-tcvm/)** bring a systemic, constitutional approach that is particularly valuable for dogs with chronic or complex allergies that don't fit a simple pattern.

**Holistic vets specializing in [herbal medicine](/specialty/herbal-medicine/)** can provide botanical support for immune modulation, inflammation, and skin healing — especially valuable for owners who want to minimize pharmaceutical exposure.

You can search our directory to find holistic vets who specialize in these areas near you.

---

## Realistic Expectations

Holistic allergy treatment is not a quick fix. Most dogs take 2–3 months of consistent dietary and supplementation changes before meaningful improvement is visible. Dogs with long-standing allergies that have been repeatedly treated with immune-suppressing medications may take longer. This is not a sign that the approach isn't working — it reflects the time required for the immune system and gut microbiome to genuinely rebalance.

The reward for that patience is often substantial. Many dogs who have been on lifelong allergy medication achieve significant reduction in symptoms — and some achieve complete remission — through a committed holistic approach. Even dogs who continue to need some pharmaceutical support frequently need less of it, with better quality of life and fewer side effects.

---

## Working With Your Conventional Vet

Holistic allergy treatment works best alongside conventional veterinary care, not instead of it. Proper diagnosis — including ruling out secondary infections, identifying the type of allergy, and assessing overall health — requires conventional diagnostics. A holistic vet working in parallel with your primary care vet gives your dog the benefit of both.

If your dog is currently on Apoquel, Cytopoint, or steroids, do not discontinue those medications without veterinary guidance. A holistic vet can help you build toward reduced dependence over time, but abrupt withdrawal during an active flare is not appropriate and may cause your dog significant distress.

---

## Frequently Asked Questions

**What are the most common symptoms of dog allergies?**
The most common signs include persistent itching, paw chewing and licking (often leaving reddish-brown staining), recurring ear infections, red or inflamed skin in the armpits, groin, and face, hair loss from repeated scratching, and skin that thickens or darkens over time. Some dogs also show digestive symptoms like loose stools or gas, particularly when food is involved.

**What is the most common type of allergy in dogs?**
Environmental allergies — formally called canine atopic dermatitis — are the most prevalent type, affecting an estimated 10–15% of the dog population. Food allergies are also very common and often occur alongside environmental allergies, making it important to evaluate both when investigating a dog's chronic symptoms.

**How do holistic vets treat dog allergies differently from conventional vets?**
Holistic vets focus on root causes — gut microbiome health, dietary triggers, skin barrier function, and overall immune regulation — rather than primarily suppressing symptoms with medication. They use a combination of dietary protocols, omega-3 supplementation, probiotics, acupuncture, herbal medicine, and environmental modifications, alongside conventional diagnostics and pharmaceutical support when needed.

**Can dog allergies be cured?**
Most dog allergies cannot be completely cured, but they can be managed very effectively. With a comprehensive holistic approach, many dogs achieve significant reduction in symptoms and reduced reliance on pharmaceutical support. Dogs with primarily food-driven allergies sometimes achieve near-complete remission after an elimination diet identifies and removes their triggers.

**How long does holistic allergy treatment take to show results?**
Most dogs show meaningful improvement after 2–3 months of consistent dietary changes, supplementation, and environmental modifications. Dogs with long-standing allergies or those previously managed with immune-suppressing medications may take longer. This timeline reflects the time needed for gut microbiome restoration and immune recalibration — not treatment failure.

<script type=""application/ld+json"">
{
  ""@context"": ""https://schema.org"",
  ""@type"": ""FAQPage"",
  ""mainEntity"": [
    {
      ""@type"": ""Question"",
      ""name"": ""What are the most common symptoms of dog allergies?"",
      ""acceptedAnswer"": {
        ""@type"": ""Answer"",
        ""text"": ""The most common signs include persistent itching, paw chewing and licking, recurring ear infections, red or inflamed skin in the armpits, groin, and face, hair loss from repeated scratching, and skin that thickens or darkens over time. Some dogs also show digestive symptoms like loose stools or gas, particularly when food is involved.""
      }
    },
    {
      ""@type"": ""Question"",
      ""name"": ""What is the most common type of allergy in dogs?"",
      ""acceptedAnswer"": {
        ""@type"": ""Answer"",
        ""text"": ""Environmental allergies — formally called canine atopic dermatitis — are the most prevalent type, affecting an estimated 10–15% of the dog population. Food allergies are also very common and often occur alongside environmental allergies.""
      }
    },
    {
      ""@type"": ""Question"",
      ""name"": ""How do holistic vets treat dog allergies differently from conventional vets?"",
      ""acceptedAnswer"": {
        ""@type"": ""Answer"",
        ""text"": ""Holistic vets focus on root causes — gut microbiome health, dietary triggers, skin barrier function, and immune regulation — rather than primarily suppressing symptoms with medication. They use dietary protocols, omega-3 supplementation, probiotics, acupuncture, herbal medicine, and environmental modifications alongside conventional diagnostics.""
      }
    },
    {
      ""@type"": ""Question"",
      ""name"": ""Can dog allergies be cured?"",
      ""acceptedAnswer"": {
        ""@type"": ""Answer"",
        ""text"": ""Most dog allergies cannot be completely cured, but they can be managed very effectively. With a comprehensive holistic approach, many dogs achieve significant reduction in symptoms and reduced reliance on pharmaceutical support. Dogs with food-driven allergies sometimes achieve near-complete remission after an elimination diet identifies their triggers.""
      }
    },
    {
      ""@type"": ""Question"",
      ""name"": ""How long does holistic allergy treatment take to show results?"",
      ""acceptedAnswer"": {
        ""@type"": ""Answer"",
        ""text"": ""Most dogs show meaningful improvement after 2–3 months of consistent dietary changes, supplementation, and environmental modifications. Dogs with long-standing allergies or those previously on immune-suppressing medications may take longer. This reflects the time needed for gut microbiome restoration and immune recalibration.""
      }
    }
  ]
}
</script>

---

<div style=""background:#fff8f0;border-left:4px solid #F4A261;padding:16px 20px;border-radius:6px;margin:32px 0 16px;"">
<strong>Disclaimer:</strong> The information in this article is provided for educational purposes only and does not constitute veterinary medical advice, diagnosis, or treatment. Dog allergies vary significantly in type, severity, and underlying cause. Diagnosis requires evaluation by a licensed veterinarian. Never discontinue prescribed medications or begin a new supplement or dietary protocol without consulting your veterinarian. The holistic approaches described here are intended to complement — not replace — the guidance of a qualified veterinary professional. Always seek prompt veterinary care if your dog's condition worsens or if new symptoms develop.
</div>
","Dog allergies are one of the most frustrating and misunderstood conditions in veterinary medicine. Holistic vets take a fundamentally different approach — treating the root cause, not just the itch.",Kevin Collins,2026-02-24,https://res.cloudinary.com/dnmrgvjdm/image/upload/v1771608043/holistic_treatment_for_dogs_wivnvx.png,"Discover how holistic veterinarians diagnose and treat dog allergies from the root cause — including food allergies, environmental allergies, and chronic skin conditions.",Published,holistic-approaches-dog-allergies-complete-guide,,,
"Food Allergies in Dogs: Symptoms, Diagnosis, and Holistic Management","# Food Allergies in Dogs: Symptoms, Diagnosis, and Holistic Management

Food allergies are one of the most common — and most commonly overlooked — drivers of chronic symptoms in dogs. Owners who have watched their dog suffer through rounds of antibiotics, steroids, and medicated shampoos are sometimes surprised to learn that the root of the problem may be in the food bowl.

Understanding how food allergies develop, what they look like, and how they're properly diagnosed is essential for any dog owner dealing with chronic skin, ear, or digestive problems.

<div style=""background:#f0f7f4;border-left:4px solid #2D6A4F;padding:16px 20px;border-radius:6px;margin:24px 0;"">
<strong>Important note:</strong> This article is for educational purposes only and does not constitute veterinary medical advice. Food allergy diagnosis in dogs requires professional evaluation and a supervised elimination trial. Please work with a licensed veterinarian before making significant dietary changes for your pet.
</div>

---

## Food Allergy vs. Food Sensitivity: An Important Distinction

These terms are often used interchangeably, but they describe different processes:

**True food allergy** involves the immune system. The body identifies a food protein as a threat and mounts an immune response — producing the inflammatory cascade that causes skin, ear, and sometimes digestive symptoms. This is a repeatable, consistent reaction that occurs every time the offending protein is consumed.

**Food sensitivity (or food intolerance)** does not involve the immune system in the same way. It causes digestive reactions — gas, bloating, loose stools — without the full immune cascade. A dog can be sensitive to a food without being truly allergic to it, but sensitivities can still cause significant discomfort and may contribute to overall inflammatory burden.

For the purposes of this article, we'll use ""food allergy"" broadly to cover both, since the distinction is often difficult to determine without specialized testing and the management approach — identifying and eliminating the offending ingredient — is similar for both.

---

## How Food Allergies Develop

One of the most counterintuitive aspects of food allergies: they typically develop to proteins the dog has been eating for a long time, not to new foods.

Immune sensitization is a gradual process. With repeated exposure, the immune system can begin to identify a particular protein as a threat. This is why a dog who has eaten chicken-based kibble for three years can suddenly start reacting to chicken — the immune system has had years to develop and mount its response.

Factors that may contribute to developing food allergies include:

- **A compromised gut lining** — when the intestinal barrier is damaged (sometimes called ""leaky gut""), incompletely digested protein fragments can cross into the bloodstream and trigger immune responses
- **Antibiotic use** — broad-spectrum antibiotics disrupt the gut microbiome, which plays a central role in regulating immune responses to food
- **Early diet variety** — dogs exposed to a wide variety of proteins early in life may have lower rates of food allergy than those fed the same food repeatedly for years
- **Genetic predisposition** — some breeds have higher rates of food allergy, including Labrador Retrievers, German Shepherds, Golden Retrievers, Cocker Spaniels, and West Highland White Terriers

---

## The Most Common Food Allergens in Dogs

Despite the enormous variety of ingredients in commercial dog food, most food allergies involve a relatively short list of proteins:

1. **Beef** — the most common allergen in dogs
2. **Chicken** — second most common, now ubiquitous in commercial pet food
3. **Dairy** — particularly casein (milk protein)
4. **Wheat and gluten**
5. **Eggs**
6. **Soy**
7. **Lamb** — increasingly common as it has become a widespread ""alternative protein"" in commercial food
8. **Fish** — less common but possible

Grains are often blamed, but pure grain allergies are actually less common than protein allergies. When a dog reacts to a grain-containing food, the protein in that food (beef, chicken, lamb) is more often the culprit than the grain itself.

---

## Symptoms That Point Toward Food

While food allergy symptoms overlap considerably with environmental allergies, certain patterns make food a more likely contributor:

- **Year-round symptoms with no seasonal variation** — environmental allergies tend to flare with pollen seasons; food reactions are consistent regardless of time of year
- **Digestive involvement** — loose stools, increased bowel frequency, gas, or occasional vomiting alongside skin symptoms
- **Symptoms that began or worsened after a diet change**
- **Ear infections that are bilateral (both ears) and recurring**
- **Poor response to steroids** — food-allergic dogs often respond less dramatically to corticosteroids than environmentally allergic dogs
- **Perianal itching** — itching around the base of the tail and anal area is more strongly associated with food allergy than environmental allergy

No single symptom confirms food allergy, but the pattern as a whole guides clinical suspicion.

---

## How Food Allergies Are Diagnosed: The Elimination Trial

Blood and skin tests for food allergies in dogs have limited reliability — their results frequently don't correspond to actual clinical reactions. The gold standard for diagnosing food allergies remains the **dietary elimination trial**.

An elimination trial involves:

**1. Selecting a novel diet**
The dog is switched to a protein and carbohydrate source they have never eaten before. Common options include:
- Venison and sweet potato
- Rabbit and pea
- Kangaroo and tapioca
- Duck (if never previously fed)
- Hydrolyzed protein diets (in which proteins are broken into fragments too small to trigger an immune response)

**2. Strict adherence**
For the trial to be valid, the dog must eat only the novel diet for **8 to 12 weeks** — no treats, flavored chews, flavored medications, or supplements that haven't been approved by the veterinarian. This is more difficult than it sounds, particularly in multi-pet households, but any deviation can invalidate the trial.

**3. Observation and assessment**
Symptoms are monitored throughout the trial. Meaningful improvement in skin and digestive symptoms during the trial period is strong evidence that food was a contributing factor.

**4. Challenge (provocation)**
After improvement is observed, the original diet is reintroduced. If symptoms return within days to weeks, food allergy is confirmed. Individual ingredients can then be reintroduced one at a time to identify specific triggers.

---

## The Holistic Veterinary Perspective on Food Allergies

Holistic and integrative veterinarians approach food allergies with an eye toward gut health and immune function — not just ingredient identification.

### Gut Restoration

The connection between gut microbiome health and food allergy development is increasingly well-supported by research. A compromised intestinal barrier and disrupted microbial balance make allergic sensitization more likely — and maintaining gut health helps reduce overall reactivity over time.

Interventions often include:

- **Probiotics** with dog-appropriate strains to restore microbial diversity
- **Prebiotics** (dietary fiber that feeds beneficial bacteria) such as inulin and psyllium
- **Digestive enzymes** to ensure proteins are fully broken down before absorption, reducing the likelihood of triggering an immune response
- **L-glutamine and other gut-supportive nutrients** to support intestinal barrier integrity

### Anti-Inflammatory Diet Principles

Beyond allergen elimination, holistic veterinarians specializing in [nutritional therapy](/specialty/nutritional-therapy/) often recommend dietary principles that reduce the overall inflammatory burden:

- **Fresh, minimally processed food** — whole food diets (raw, cooked, or gently processed) tend to be lower in advanced glycation end-products and preservatives that contribute to inflammation
- **Omega-3 fatty acid supplementation** — fish oil or algae-based omega-3s have well-documented anti-inflammatory effects and support skin barrier function
- **Rotation feeding** — once stable, feeding a variety of proteins on rotation reduces the risk of developing new sensitivities

### Herbal and Botanical Support

Some dogs with food allergies benefit from herbal support to address the inflammatory response and support gut and liver function. [Herbal medicine](/specialty/herbal-medicine/) practitioners may recommend formulas tailored to the individual dog's pattern — but this should always be done under veterinary supervision, as herbs interact with medications and are not appropriate for all dogs.

---

## Working With a Holistic Vet for Food Allergies

If food allergy is suspected, a veterinarian specializing in [nutritional therapy](/specialty/nutritional-therapy/) is an invaluable resource. They can:

- Design and supervise a properly conducted elimination trial
- Ensure the novel diet is nutritionally complete (an important consideration, especially for puppies, pregnant dogs, or those with other health conditions)
- Interpret results and guide the challenge phase
- Build a long-term diet protocol tailored to your dog's identified sensitivities and overall health status

Food allergy management is ultimately a long game. The elimination trial requires patience and consistency, and building a sustainable diet around your dog's sensitivities takes thoughtful planning. But for dogs whose symptoms are driven by food, the results — often dramatically improved skin, ears, and digestion — make that work worthwhile.

For a broader overview of how holistic vets approach all types of dog allergies, see our [complete guide to holistic approaches to dog allergies](/blog/holistic-approaches-dog-allergies-complete-guide/).

---

## Frequently Asked Questions

**What foods are dogs most commonly allergic to?**
The most common food allergens in dogs are beef, chicken, dairy, wheat, eggs, soy, and lamb. Beef and chicken top the list largely because they are the most widely fed proteins — dogs develop allergies to foods they have been repeatedly exposed to over time, not necessarily to new foods.

**How do I know if my dog has a food allergy versus an environmental allergy?**
Food allergies tend to cause year-round symptoms with no seasonal variation, often involve digestive symptoms alongside skin problems, and frequently affect both ears. Environmental allergies are more likely to be seasonal initially and concentrate in classic locations like the paws, face, and groin. Many dogs have both, which is why a proper elimination trial is essential for getting an accurate picture.

**How long does a dog food allergy elimination diet take?**
A properly conducted elimination diet requires 8–12 weeks to be meaningful. This full duration is necessary because the immune system takes time to down-regulate after the offending protein is removed. Results at week four or five are often incomplete — some dogs show their full improvement only between weeks eight and twelve.

**Can dogs develop food allergies to something they've eaten for years?**
Yes, and this surprises many owners. Immune sensitization to a food protein develops with repeated exposure over time. A dog can eat the same food for years before becoming sensitized enough to mount a noticeable reaction. This is why holistic veterinarians sometimes recommend rotating proteins to reduce the risk of developing new sensitizations.

<script type=""application/ld+json"">
{
  ""@context"": ""https://schema.org"",
  ""@type"": ""FAQPage"",
  ""mainEntity"": [
    {
      ""@type"": ""Question"",
      ""name"": ""What foods are dogs most commonly allergic to?"",
      ""acceptedAnswer"": {
        ""@type"": ""Answer"",
        ""text"": ""The most common food allergens in dogs are beef, chicken, dairy, wheat, eggs, soy, and lamb. Beef and chicken are the top culprits because they are the most widely fed proteins. Dogs develop allergies to foods they have been repeatedly exposed to over time.""
      }
    },
    {
      ""@type"": ""Question"",
      ""name"": ""How do I know if my dog has a food allergy versus an environmental allergy?"",
      ""acceptedAnswer"": {
        ""@type"": ""Answer"",
        ""text"": ""Food allergies tend to cause year-round symptoms with no seasonal variation, often involve digestive symptoms alongside skin problems, and frequently affect both ears. Environmental allergies are more likely to be seasonal and concentrate in the paws, face, and groin. Many dogs have both types simultaneously.""
      }
    },
    {
      ""@type"": ""Question"",
      ""name"": ""How long does a dog food allergy elimination diet take?"",
      ""acceptedAnswer"": {
        ""@type"": ""Answer"",
        ""text"": ""A properly conducted elimination diet requires 8–12 weeks to be meaningful. This full duration is necessary because the immune system takes time to down-regulate after the offending protein is removed. Some dogs don't show their full improvement until weeks 8–10.""
      }
    },
    {
      ""@type"": ""Question"",
      ""name"": ""Can dogs develop food allergies to something they have eaten for years?"",
      ""acceptedAnswer"": {
        ""@type"": ""Answer"",
        ""text"": ""Yes. Immune sensitization to a food protein develops with repeated exposure over time. A dog can eat the same food for years before becoming sensitized enough to mount a noticeable reaction. This is why holistic veterinarians sometimes recommend rotating proteins to reduce sensitization risk.""
      }
    }
  ]
}
</script>

---

<div style=""background:#fff8f0;border-left:4px solid #F4A261;padding:16px 20px;border-radius:6px;margin:32px 0 16px;"">
<strong>Disclaimer:</strong> The information in this article is provided for educational purposes only and does not constitute veterinary medical advice, diagnosis, or treatment. Food allergy diagnosis requires professional evaluation and a supervised elimination trial. Never make significant dietary changes for your dog without consulting a licensed veterinarian. If your dog is currently on prescribed medications, do not discontinue them without veterinary guidance.
</div>","Food allergies in dogs develop over time, often to ingredients they've eaten for years. Identifying and addressing them requires patience — but the results can be transformative.",Kevin Collins,2026-02-24,https://res.cloudinary.com/dnmrgvjdm/image/upload/v1771608676/Allergy-hero_inpmty.png,"Dog food allergies are more common — and more misunderstood — than most owners realize. Learn how to identify them, how elimination diets work, and what holistic vets recommend.",Published,food-allergies-dogs-symptoms-diagnosis-holistic,,,
How a Holistic Vet Can Help Your Allergic Dog — and How to Find One,"# How a Holistic Vet Can Help Your Allergic Dog — and How to Find One

For many dog owners, the allergy management cycle becomes frustratingly familiar: a steroid shot or Apoquel prescription provides relief, symptoms return in a few weeks, another round of medication is needed. Over time, the doses increase, the relief periods shorten, and the dog never quite returns to normal between flares.

If this describes your experience, you're not alone — and you're not out of options. Holistic and integrative veterinarians approach dog allergies differently, asking not just ""how do we stop the itch"" but ""why is this dog's immune system responding this way, and what can we do to change that?"" For a significant number of dogs, this approach leads to better long-term outcomes than symptom management alone.

<div style=""background:#f0f7f4;border-left:4px solid #2D6A4F;padding:16px 20px;border-radius:6px;margin:24px 0;"">
<strong>Important note:</strong> This article is for educational purposes only and does not constitute veterinary medical advice. Dog allergies vary significantly in type and severity. Always work with a licensed veterinarian for diagnosis and treatment of your pet's health conditions.
</div>

---

## What Makes a Holistic Vet's Approach to Allergies Different

### Root Cause Focus

The defining difference is orientation. Where conventional allergy management focuses primarily on controlling the immune response — using antihistamines, corticosteroids, or targeted biologics like Cytopoint — holistic veterinarians focus on understanding and addressing why the immune response is overactive.

This leads to a different set of questions and a broader treatment strategy:

- Is the gut microbiome disrupted, driving immune dysregulation from within?
- Is the diet contributing to systemic inflammation or triggering an immune response?
- Is the skin barrier compromised, allowing allergens to penetrate more easily?
- Are there multiple overlapping triggers whose combined burden keeps the immune system in a reactive state?

Addressing these underlying factors doesn't make allergies disappear overnight, but over weeks and months of consistent work, many dogs achieve meaningful reduction in symptoms and reduced dependence on pharmaceutical support.

### The Whole Dog

Holistic veterinarians spend more time on the initial consultation than a typical conventional appointment allows. They want to understand the dog's full history: when symptoms first appeared, how they've progressed, every diet the dog has been on, medication history, vaccination history, and how the dog is doing overall — energy, digestion, behavior, sleep.

This comprehensive picture regularly reveals connections that focused appointments miss. The dog whose skin problems intensified after a particular food transition. The dog whose allergies worsened following multiple antibiotic courses. The dog whose symptoms track precisely with grass pollen season but whose previous vet only ran the same blood panel each year.

### Integration, Not Rejection

A common misconception is that holistic veterinarians reject conventional medicine. Most integrative practitioners don't — they use conventional diagnostics (allergy testing, skin cytology, bloodwork, dermatology referrals) and pharmaceutical interventions when needed. The philosophy is complementary: use what works from both approaches, guided by what each individual dog needs.

---

## Which Specialist Is Right for Your Dog?

Several holistic specialties are particularly relevant for allergic dogs:

### Integrative Veterinarians

Integrative vets hold a conventional veterinary degree and have pursued additional training in one or more holistic modalities — acupuncture, herbal medicine, nutritional therapy, or others. They can coordinate the full spectrum of care: conventional diagnostics and pharmaceutical management alongside holistic interventions.

**Best for:** Dogs with moderate to severe allergies who need both conventional diagnostics and holistic treatment support; dogs currently on medication who need help reducing dependence over time.

### Veterinary Nutritional Therapists

Vets with specialized training in clinical nutrition who can design and supervise therapeutic diet protocols, including elimination trials for suspected food allergies. Diet is foundational to allergy management, and getting it right — particularly a properly conducted elimination trial — benefits from expert guidance.

**Best for:** Any allergic dog where food is suspected as a contributing factor; dogs whose symptoms involve both skin and digestive issues; dogs who haven't improved despite dietary changes attempted without guidance.

### Traditional Chinese Veterinary Medicine (TCVM) Practitioners

Vets trained in [Traditional Chinese Veterinary Medicine](/specialty/traditional-chinese-veterinary-medicine-tcvm/) use acupuncture, Chinese herbal medicine, and food therapy guided by a constitutional assessment of the individual dog. TCVM offers a framework for understanding allergic dogs that complements Western diagnostics — classifying patients not by allergen type but by the underlying pattern of immune imbalance.

For allergic dogs, TCVM is particularly valuable for chronic or complex cases that haven't fit neatly into conventional categories, or that have plateaued with conventional management.

**Best for:** Chronic or complex allergies; dogs with constitutional patterns that a TCVM practitioner can assess and address; owners who prefer a traditional medicine framework.

### Veterinary Herbalists

Vets with specialized training in [botanical medicine](/specialty/herbal-medicine/) can provide prescription-quality herbal formulas tailored to the individual dog — immune modulators, anti-inflammatories, skin and liver supportives, gut restorative formulas. These are different from over-the-counter supplements and are prescribed based on a full clinical assessment.

**Best for:** Owners who want to minimize pharmaceutical exposure; dogs with chronic inflammation and secondary organ involvement; as a complement to dietary and environmental management.

---

## Questions to Ask a Prospective Holistic Vet

Before or at your first appointment, these questions help gauge whether the approach is a good fit:

1. **What is your experience treating dogs with chronic allergies?** — Look for a practitioner who has managed many cases and can speak to realistic outcomes.

2. **How do you approach the relationship between gut health and allergy?** — A holistic vet should be able to speak fluently about this connection.

3. **Do you work alongside conventional vets, or do you expect me to use you exclusively?** — Integrative practitioners should welcome collaboration. Be cautious of anyone who discourages conventional veterinary care.

4. **How long before I should expect to see improvement?** — Honest answer: most dogs take 2–3 months of consistent work before meaningful improvement is visible. Anyone promising rapid dramatic results is overstating expectations.

5. **What does a typical treatment protocol look like for an allergic dog?** — There should be a thoughtful answer covering dietary assessment, gut support, environmental modifications, and appropriate follow-up.

---

## What to Expect at Your First Holistic Vet Appointment

A first holistic consultation for an allergic dog typically lasts 60–90 minutes — significantly longer than a standard veterinary appointment. Come prepared with:

- **A complete diet history** — every food, treat, and supplement your dog has received, ideally going back a year or more
- **A symptom timeline** — when symptoms first appeared, how they've progressed, whether they're seasonal or year-round, and any correlations you've noticed
- **Medication and vaccination records**
- **Any previous allergy testing results**
- **Questions** — write them down ahead of time so you don't forget

The appointment will cover the dog's history, a physical examination, and potentially a TCVM assessment if the vet is trained in it (pulse diagnosis, tongue examination). At the end, you should leave with a clear initial plan and realistic expectations for the road ahead.

---

## Holistic Allergy Management Takes Time — and Is Worth It

Holistic allergy treatment is not a quick fix. Most dogs take weeks to months of consistent dietary, supplement, and environmental work before the immune system begins to genuinely rebalance. This is not a sign that the approach isn't working — it reflects the time required for the gut microbiome to restore, the skin barrier to repair, and the immune system to down-regulate its overactivation.

The reward for that patience is often substantial. Many dogs who have been on lifelong allergy medication achieve significant symptom reduction through a committed holistic approach — and some achieve complete remission. Even dogs who continue to need some pharmaceutical support frequently need less of it, with fewer side effects and better overall quality of life.

For a complete overview of the holistic approach to dog allergies, see our [Holistic Approaches to Dog Allergies: A Complete Guide](/blog/holistic-approaches-dog-allergies-complete-guide/).

---

## Find a Holistic Vet for Your Allergic Dog

Our directory lists holistic and integrative veterinarians across the United States. You can search by location and filter by specialty to find practitioners trained in nutritional therapy, TCVM, herbal medicine, and integrative medicine near you.

---

## Frequently Asked Questions

**What kind of vet should I see for dog allergies?**
An integrative veterinarian is the best starting point for moderate to severe allergies — they coordinate conventional diagnostics with holistic treatment. A veterinary nutritional therapist is essential if food is suspected as a driver. A TCVM-trained vet is valuable for chronic or complex cases. Many holistic vets have training in multiple modalities and can address several dimensions of allergy management in a single practice.

**What does a holistic vet do for dog allergies that a regular vet doesn't?**
Holistic vets spend significantly more time on root-cause investigation — gut health, diet history, immune function patterns, skin barrier status — and bring a wider treatment toolkit including nutritional protocols, probiotics, omega-3 supplementation, herbal medicine, and acupuncture. Initial consultations typically run 60–90 minutes compared to 15–20 minutes for a standard appointment, allowing a more thorough picture to emerge.

**How much does a holistic vet appointment cost?**
Initial holistic vet consultations typically range from $100 to $300 or more depending on location, specialty, and appointment length. Follow-up visits are usually shorter and less expensive. Some practitioners offer telehealth consultations at a lower cost. While the upfront investment may be higher than a standard appointment, many owners find it cost-effective over time as the need for repeated treatments decreases.

**How do I find a holistic vet for dog allergies near me?**
You can search the Holistic Vet Directory by city, state, or ZIP code and filter by specialty — Integrative Medicine, Nutritional Therapy, Traditional Chinese Veterinary Medicine, or Herbal Medicine — to find practitioners experienced with allergic dogs in your area.

<script type=""application/ld+json"">
{
  ""@context"": ""https://schema.org"",
  ""@type"": ""FAQPage"",
  ""mainEntity"": [
    {
      ""@type"": ""Question"",
      ""name"": ""What kind of vet should I see for dog allergies?"",
      ""acceptedAnswer"": {
        ""@type"": ""Answer"",
        ""text"": ""An integrative veterinarian is the best starting point for moderate to severe allergies, coordinating conventional diagnostics with holistic treatment. A veterinary nutritional therapist is essential if food is suspected. A TCVM-trained vet is valuable for chronic or complex cases. Many holistic vets have training in multiple modalities.""
      }
    },
    {
      ""@type"": ""Question"",
      ""name"": ""What does a holistic vet do for dog allergies that a regular vet does not?"",
      ""acceptedAnswer"": {
        ""@type"": ""Answer"",
        ""text"": ""Holistic vets spend more time on root-cause investigation — gut health, diet history, immune function, skin barrier status — and use a wider treatment toolkit including nutritional protocols, probiotics, omega-3 supplementation, herbal medicine, and acupuncture. Initial consultations typically run 60–90 minutes, allowing a more thorough assessment.""
      }
    },
    {
      ""@type"": ""Question"",
      ""name"": ""How much does a holistic vet appointment cost?"",
      ""acceptedAnswer"": {
        ""@type"": ""Answer"",
        ""text"": ""Initial holistic vet consultations typically range from $100 to $300 or more depending on location, specialty, and length. Follow-up visits are shorter and less expensive. Some practitioners offer telehealth at lower cost. Many owners find the investment cost-effective over time as repeated treatments decrease.""
      }
    },
    {
      ""@type"": ""Question"",
      ""name"": ""How do I find a holistic vet for dog allergies near me?"",
      ""acceptedAnswer"": {
        ""@type"": ""Answer"",
        ""text"": ""You can search the Holistic Vet Directory by city, state, or ZIP code and filter by specialty — Integrative Medicine, Nutritional Therapy, Traditional Chinese Veterinary Medicine, or Herbal Medicine — to find practitioners experienced with allergic dogs in your area.""
      }
    }
  ]
}
</script>

---

<div style=""background:#fff8f0;border-left:4px solid #F4A261;padding:16px 20px;border-radius:6px;margin:32px 0 16px;"">
<strong>Disclaimer:</strong> The information in this article is provided for educational purposes only and does not constitute veterinary medical advice, diagnosis, or treatment. Dog allergy management requires evaluation and guidance from a licensed veterinarian. Never discontinue prescribed medications without veterinary supervision. If your dog is experiencing acute distress or signs of infection, seek veterinary care promptly.
</div>","If your dog's allergies haven't responded to conventional treatment, or if you're looking for a long-term approach beyond symptom management, a holistic vet may be exactly what you need.",Kevin Collins,2026-02-24,https://res.cloudinary.com/dnmrgvjdm/image/upload/v1771348416/MonitorHolisticVet_fhx0ev.png,Holistic vets take a fundamentally different approach to dog allergies — treating root causes rather than suppressing symptoms. Here's what to look for and how to find one near you.,Published,holistic-vet-dog-allergies-how-to-find,,,
Dog Allergy Symptoms: How to Tell If Your Dog Has Allergies,"# Dog Allergy Symptoms: How to Tell If Your Dog Has Allergies

If your dog has been scratching more than usual, chewing at their paws, or dealing with recurring ear infections that never fully resolve, allergies may be the underlying cause. Dog allergies are among the most common conditions seen in veterinary practice — and among the most frequently misunderstood.

The challenge is that allergy symptoms in dogs don't always look the way owners expect. Unlike humans, who tend to sneeze and get watery eyes, dogs express their allergic reactions primarily through their skin, ears, and digestive system. Recognizing what you're seeing — and understanding what the symptoms suggest — is the critical first step.

<div style=""background:#f0f7f4;border-left:4px solid #2D6A4F;padding:16px 20px;border-radius:6px;margin:24px 0;"">
<strong>Important note:</strong> This article is for educational purposes only and does not constitute veterinary medical advice. If your dog is experiencing significant discomfort, recurring symptoms, or signs of infection, please consult a licensed veterinarian promptly. Allergies in dogs vary in severity and type, and accurate diagnosis requires professional evaluation.
</div>

---

## The Most Common Dog Allergy Symptoms

### Skin Symptoms

Skin is where dog allergies are most visibly expressed. Signs include:

- **Persistent itching (pruritus)** — scratching at the face, neck, belly, armpits, and groin. The itching may be generalized or concentrated in specific areas.
- **Paw chewing and licking** — one of the most characteristic allergy behaviors. Dogs repeatedly lick or chew at their paws, often leaving them stained reddish-brown from saliva. This saliva staining on light-colored fur is a hallmark sign.
- **Red, inflamed skin** — particularly in skin folds, the groin, armpits, and between toes. The skin may feel warm to the touch.
- **Rashes or hives** — raised, red welts that appear suddenly, most often after acute exposure to a new allergen.
- **Thickened, darkened, or elephant-like skin** — a sign of chronic, long-standing inflammation. This change is called lichenification and indicates the skin has been irritated repeatedly over time.
- **Hair loss (alopecia)** — often from repeated scratching, licking, or rubbing. Patches may appear anywhere on the body.
- **Recurring hot spots** — areas of acute, moist skin inflammation that become infected rapidly. Allergies create the conditions in which hot spots develop and recur.

### Ear Symptoms

Recurring ear problems are a major red flag for allergies. Signs include:

- Ear shaking and head tilting
- Scratching at one or both ears
- Dark, waxy, or foul-smelling discharge
- Redness and swelling inside the ear canal

Many dogs receive repeated rounds of ear medication without anyone asking why the infections keep coming back. In allergic dogs, the ear canal creates a warm, moist environment that supports bacterial and yeast overgrowth — but the underlying driver is the allergic inflammation. Treating infections without addressing allergies leads to a cycle that never ends.

### Eye and Face Symptoms

- Red, watery eyes (less common in dogs than humans, but does occur)
- Rubbing the face on carpets or furniture
- Swollen or puffy skin around the eyes
- Excessive eye discharge

### Digestive Symptoms

Food allergies and sensitivities in particular often present alongside digestive involvement:

- Loose stools or diarrhea (chronic or intermittent)
- Increased frequency of bowel movements
- Gas and bloating
- Occasional vomiting

When digestive symptoms accompany skin symptoms, food is strongly suspected as a contributing factor.

---

## Where the Itching Is Concentrated Matters

The location of itching and skin irritation provides important diagnostic clues:

| Location | What It May Suggest |
|----------|---------------------|
| Paws, face, armpits, groin | Environmental allergies (atopic dermatitis) |
| Ears (recurring) | Allergies — environmental or food |
| Base of tail, lower back | Flea allergy dermatitis |
| Generalized | Food allergy or multi-trigger allergy burden |
| Localized patch | Contact allergy |

No single location is diagnostic on its own, but pattern recognition helps narrow the possibilities before testing begins.

---

## Seasonal vs. Year-Round Symptoms

The timing of symptoms is one of the most useful pieces of information for distinguishing allergy types.

**Seasonal symptoms** — appearing primarily in spring, summer, or fall — point strongly toward environmental triggers like pollen. Many dogs start with seasonal allergies that are mild in early years and gradually worsen with each allergy season as sensitivity builds.

**Year-round symptoms** — present in all seasons with little variation — suggest either food involvement, dust mite or mold allergy (which are indoor, perennial allergens), or a combination of triggers that collectively keep the immune system in a reactive state.

**Symptoms that worsen after diet changes** — if symptoms appeared or intensified after switching foods, food allergy is worth investigating. Note that food allergies develop over time — a dog can be allergic to a food they've eaten for years, because immune sensitization builds with repeated exposure.

---

## Secondary Symptoms to Watch For

When allergies go unmanaged or are managed with symptom suppression alone, secondary problems commonly develop:

- **Yeast infections** — on skin, between toes, and in ears. Characterized by a musty or corn-chip odor, brown discoloration between toes, and dark discharge in ears.
- **Bacterial skin infections (pyoderma)** — red pustules, crusting, hair loss, and skin that feels rough or scabbed.
- **Thickened paw pads** — from chronic licking and inflammation.
- **Behavioral changes** — chronic discomfort affects temperament. Allergic dogs may become irritable, restless, or have disrupted sleep. The connection between chronic itching and anxiety is real and often underappreciated.

Secondary infections require treatment in their own right, but until the allergies driving them are addressed, they will recur.

---

## How Holistic Vets Approach Allergy Diagnosis

Conventional allergy diagnosis typically involves intradermal or blood testing to identify specific allergens. These tests can be useful, particularly for guiding immunotherapy decisions. But holistic and integrative veterinarians tend to place testing in a broader context.

A holistic vet will conduct a comprehensive intake that covers:

- Full diet history (every food, treat, and supplement)
- Vaccination and medication history
- Symptom timeline — when symptoms first appeared, how they've progressed, seasonal patterns
- Digestive history — stool quality, frequency, any GI symptoms
- Environmental exposures at home and outside
- Previous treatments and responses

This wider lens often reveals patterns that focused allergy testing misses — for example, a correlation between the start of a particular food and the onset of symptoms, or between antibiotic courses and worsening skin issues.

From a [Traditional Chinese Veterinary Medicine](/specialty/traditional-chinese-veterinary-medicine-tcvm/) perspective, symptoms are also assessed as expressions of underlying constitutional patterns. An allergic dog presenting with hot, red, intensely itchy skin is classified differently from one with dry, flaky, chronically irritated skin — and the treatment approaches differ accordingly.

---

## When to See a Veterinarian

Some symptoms warrant prompt veterinary attention:

- Sudden, severe hives or facial swelling (possible anaphylaxis — requires emergency care)
- Rapidly spreading hot spot with broken skin
- Eye symptoms accompanied by discharge or cloudiness
- Ear symptoms with significant pain or balance issues
- Significant behavioral changes alongside physical symptoms

For chronic, recurring symptoms that have not resolved with basic interventions — a change in food, flea treatment, regular bathing — it's time to pursue a more thorough evaluation. The longer allergies go unaddressed at the root level, the more sensitized the immune system becomes, and the harder the problem is to resolve.

---

## The Path Forward

Recognizing allergy symptoms is the first step. Understanding that most dogs' symptoms result from a combination of triggers — the [""bucket"" model](/blog/holistic-approaches-dog-allergies-complete-guide/) — explains why simple approaches often fall short and why a comprehensive assessment is valuable.

For many allergic dogs, meaningful and lasting improvement is achievable when the immune system and gut are supported, triggers are reduced, and the skin barrier is maintained. That work begins with an accurate picture of what's happening — and a veterinarian willing to look at the whole dog.

---

## Frequently Asked Questions

**What does a dog with allergies look like?**
Allergic dogs commonly show red, inflamed skin in the armpits, groin, and around the face and paws. Paws are often stained reddish-brown from chronic licking. Hair loss may appear in irritated areas, and skin can become thickened or darkened (lichenified) in chronic cases. Ears may appear red and irritated, and the dog may frequently shake its head or scratch.

**Do dogs sneeze when they have allergies?**
Unlike humans, dogs rarely sneeze as a primary allergy symptom. Their immune response is primarily expressed through the skin, ears, and paws rather than the respiratory system. Occasional sneezing can occur but is not a hallmark sign. Itching, ear infections, and paw chewing are far more characteristic.

**Can dog allergy symptoms come on suddenly?**
Yes. Acute reactions — particularly to insect stings — can appear within minutes. Chronic environmental allergies may seem to appear suddenly at the start of a pollen season, even though sensitization developed gradually over previous seasons. Food allergies typically build over time but can appear to suddenly flare when the total allergen burden crosses a threshold.

**Why does my dog keep getting ear infections?**
Recurring ear infections are one of the strongest indicators of underlying allergies. Allergic inflammation creates warm, moist conditions in the ear canal that support bacterial and yeast overgrowth. Treating each infection without addressing the underlying allergy leads to a cycle that never ends. If your dog has had three or more ear infections in a year, allergies should be thoroughly investigated.

<script type=""application/ld+json"">
{
  ""@context"": ""https://schema.org"",
  ""@type"": ""FAQPage"",
  ""mainEntity"": [
    {
      ""@type"": ""Question"",
      ""name"": ""What does a dog with allergies look like?"",
      ""acceptedAnswer"": {
        ""@type"": ""Answer"",
        ""text"": ""Allergic dogs commonly show red, inflamed skin in the armpits, groin, and around the face and paws. Paws are often stained reddish-brown from chronic licking. Hair loss may appear in irritated areas, and skin can become thickened or darkened in chronic cases. Ears may be red and irritated.""
      }
    },
    {
      ""@type"": ""Question"",
      ""name"": ""Do dogs sneeze when they have allergies?"",
      ""acceptedAnswer"": {
        ""@type"": ""Answer"",
        ""text"": ""Unlike humans, dogs rarely sneeze as a primary allergy symptom. Their immune response is primarily expressed through the skin, ears, and paws. Itching, ear infections, and paw chewing are far more characteristic than sneezing.""
      }
    },
    {
      ""@type"": ""Question"",
      ""name"": ""Can dog allergy symptoms come on suddenly?"",
      ""acceptedAnswer"": {
        ""@type"": ""Answer"",
        ""text"": ""Yes. Acute reactions can appear within minutes, particularly to insect stings. Seasonal allergies may seem to appear suddenly at the start of pollen season even though sensitization developed gradually. Food allergies can appear to suddenly flare when the total allergen burden crosses a threshold.""
      }
    },
    {
      ""@type"": ""Question"",
      ""name"": ""Why does my dog keep getting ear infections?"",
      ""acceptedAnswer"": {
        ""@type"": ""Answer"",
        ""text"": ""Recurring ear infections are one of the strongest indicators of underlying allergies. Allergic inflammation creates conditions in the ear canal that support bacterial and yeast overgrowth. Treating infections without addressing the underlying allergy leads to a repeating cycle. Three or more ear infections per year warrants allergy investigation.""
      }
    }
  ]
}
</script>

---

<div style=""background:#fff8f0;border-left:4px solid #F4A261;padding:16px 20px;border-radius:6px;margin:32px 0 16px;"">
<strong>Disclaimer:</strong> The information in this article is provided for educational purposes only and does not constitute veterinary medical advice, diagnosis, or treatment. Allergy symptoms in dogs can resemble symptoms of other conditions, some of which require urgent care. Always consult a licensed veterinarian for diagnosis and treatment guidance. Never discontinue prescribed medications without veterinary supervision.
</div>",Allergies can look like many different things in dogs. Learning to recognize the signs — and understand what they're telling you about your dog's immune system — is the first step toward lasting relief.,Kevin Collins,2026-02-24,https://res.cloudinary.com/dnmrgvjdm/image/upload/v1771608387/TellDogHasAllergies_aqxmwp.png,Learn the most common dog allergy symptoms — from itchy paws to recurring ear infections — and how holistic vets approach diagnosis and root-cause treatment.,Published,dog-allergy-symptoms-how-to-tell,,,
Holistic Treatment for Fungal Infections in Dogs: What Works and Why,"If your dog has been treated for a fungal infection — only to have it return weeks or months later — you are not alone. Recurring yeast infections, chronic ear problems, itchy paws, and skin rashes are among the most common complaints that bring pet owners to holistic veterinarians. And the reason these issues keep coming back is almost always the same: the symptom was treated, but the underlying imbalance was not.

Holistic veterinary medicine approaches fungal infections differently. Rather than asking only ""what antifungal will clear this up,"" a holistic vet asks ""why is my patient's body allowing this overgrowth in the first place?"" The answers — and the treatments — go much deeper than a prescription shampoo or a course of antifungal medication.

<div style=""background:#f0f7f4;border-left:4px solid #2D6A4F;padding:16px 20px;border-radius:6px;margin:24px 0;"">
<strong>Important note:</strong> This article is for educational purposes only and does not constitute veterinary advice. Fungal infections in dogs range from mild skin conditions to serious systemic diseases that require prompt medical attention. Always consult a licensed veterinarian for diagnosis and treatment. The holistic approaches described here are intended to complement — not replace — conventional veterinary care.
</div>

---

## Understanding Fungal Infections in Dogs

Before exploring holistic treatment, it helps to understand what you are actually dealing with. Fungal infections in dogs fall into two broad categories.

### Surface and Skin Fungal Infections

These are the most common and include:

- **Yeast dermatitis (Malassezia pachydermatis)** — The most frequently seen fungal condition in dogs. Malassezia is a naturally occurring yeast that lives on healthy dog skin, but when the immune system or skin barrier is compromised, it overgrows. Signs include itchy, greasy, or flaky skin, a distinctive musty or corn-chip odor, darkened or thickened skin, and chronic ear infections. Breeds like Cocker Spaniels, Basset Hounds, West Highland White Terriers, and Bulldogs are particularly prone.

- **Ringworm (Dermatophytosis)** — Despite the name, ringworm is not a worm but a fungal infection caused by dermatophytes. It produces circular, scaly, hairless patches on the skin and is contagious to other pets and to people.

- **Candida overgrowth** — Less commonly discussed in veterinary medicine but increasingly recognized by holistic practitioners, Candida is a yeast that can overgrow in the gut and contribute to chronic skin, ear, and digestive symptoms.

### Systemic Fungal Infections

These are less common but significantly more serious:

- **Blastomycosis** — A fungal infection caused by inhaling spores from soil, particularly in the Mississippi and Ohio River valleys and the Great Lakes region. Can affect the lungs, eyes, skin, and bones.
- **Aspergillosis** — Usually affects the nasal passages but can become systemic in immunocompromised dogs.
- **Cryptococcosis** — Typically affects the nervous system and respiratory tract.

Systemic fungal infections require aggressive conventional treatment and specialist care. Holistic support can play a complementary role, but these are not conditions to approach with home remedies alone.

---

## Why Fungal Infections Keep Coming Back

The most important insight holistic veterinarians bring to fungal infections is this: a healthy immune system and a balanced microbiome keep fungal organisms in check naturally. When fungal overgrowth becomes chronic or recurring, it is almost always a sign that something is undermining that balance.

Common contributing factors include:

**Diet.** Yeast thrives on sugar and simple carbohydrates. A diet high in processed grains, starches, and low-quality ingredients creates an internal environment that actively feeds fungal overgrowth. Many dogs on conventional kibble are essentially eating a yeast-friendly diet every day.

**Antibiotic use.** Antibiotics eliminate bacteria indiscriminately, including the beneficial bacteria that compete with yeast and keep it in check. Dogs who have had multiple rounds of antibiotics are significantly more prone to secondary yeast overgrowth.

**Steroid use.** Corticosteroids, while effective at suppressing inflammation and itch, also suppress immune function. Long-term or repeated steroid use is one of the most common precursors to chronic fungal infections.

**Allergies.** Environmental and food allergies compromise the skin barrier and create an inflamed, moisture-rich environment where yeast flourishes. The itch-scratch-yeast cycle is extremely common in allergic dogs.

**Underlying immune imbalance.** A chronically stressed immune system — whether from poor nutrition, environmental toxins, or other health conditions — loses its ability to regulate microbial populations on the skin and in the gut.

Treating the infection without addressing these root causes is why so many dogs end up in a revolving door of antifungal treatments that work temporarily, then fail.

---

## The TCVM Perspective: Understanding Damp Heat

Traditional Chinese Veterinary Medicine offers a fascinating framework for understanding why some dogs are chronically prone to fungal and yeast issues. In TCVM, the body's health depends on the balance of fundamental energetic qualities, including warmth and coolness, dryness and moisture.

Chronic yeast overgrowth is typically understood in TCVM as a pattern of **Damp Heat** — an accumulation of pathological moisture (Damp) combined with inflammation (Heat) in the body. Signs of a Damp Heat pattern include:

- Greasy, smelly skin
- Chronic ear discharge
- Itchy paws (particularly between the toes)
- Loose or inconsistent stools
- A tendency to seek cool surfaces
- Lethargy or heaviness

A TCVM-trained veterinarian will assess your dog's constitution using pulse diagnosis, tongue examination, and physical observation to determine whether a Damp Heat pattern is present and what internal imbalances are driving it. Treatment addresses the pattern systemically — not just the surface symptoms — using acupuncture, Chinese herbal formulas, and food therapy tailored to drain Damp and clear Heat from the body.

This approach explains why two dogs with identical-looking yeast infections may need completely different treatment plans. In TCVM, the underlying pattern matters as much as the presenting symptom.

---

## Holistic Treatments That Complement Conventional Care

The following approaches are used by holistic and integrative veterinarians to support recovery from fungal infections and reduce the likelihood of recurrence. These work best alongside — not instead of — conventional diagnosis and treatment.

<table style=""width:100%;border-collapse:collapse;margin:24px 0;"">
  <thead>
    <tr style=""background:#2D6A4F;color:white;"">
      <th style=""padding:12px 16px;text-align:left;width:30%;"">Approach</th>
      <th style=""padding:12px 16px;text-align:left;width:40%;"">How It Helps</th>
      <th style=""padding:12px 16px;text-align:left;width:30%;"">Best Used For</th>
    </tr>
  </thead>
  <tbody>
    <tr style=""background:#f0f7f4;"">
      <td style=""padding:12px 16px;border-bottom:1px solid #dee2e6;font-weight:600;"">Dietary change</td>
      <td style=""padding:12px 16px;border-bottom:1px solid #dee2e6;"">Eliminates yeast-feeding sugars and starches; reduces systemic inflammation</td>
      <td style=""padding:12px 16px;border-bottom:1px solid #dee2e6;"">All fungal/yeast conditions; foundational step</td>
    </tr>
    <tr>
      <td style=""padding:12px 16px;border-bottom:1px solid #dee2e6;font-weight:600;"">Probiotics</td>
      <td style=""padding:12px 16px;border-bottom:1px solid #dee2e6;"">Restores beneficial gut bacteria that compete with yeast and support immune function</td>
      <td style=""padding:12px 16px;border-bottom:1px solid #dee2e6;"">Post-antibiotic recovery; chronic yeast; Candida overgrowth</td>
    </tr>
    <tr style=""background:#f0f7f4;"">
      <td style=""padding:12px 16px;border-bottom:1px solid #dee2e6;font-weight:600;"">Herbal antifungals</td>
      <td style=""padding:12px 16px;border-bottom:1px solid #dee2e6;"">Oregano oil, pau d'arco, and thyme have demonstrated antifungal properties; used topically or internally under vet guidance</td>
      <td style=""padding:12px 16px;border-bottom:1px solid #dee2e6;"">Mild to moderate surface yeast; maintenance support</td>
    </tr>
    <tr>
      <td style=""padding:12px 16px;border-bottom:1px solid #dee2e6;font-weight:600;"">Acupuncture</td>
      <td style=""padding:12px 16px;border-bottom:1px solid #dee2e6;"">Supports immune regulation, reduces systemic inflammation, and addresses TCVM patterns underlying chronic infection</td>
      <td style=""padding:12px 16px;border-bottom:1px solid #dee2e6;"">Chronic or recurring fungal infections; immune support</td>
    </tr>
    <tr style=""background:#f0f7f4;"">
      <td style=""padding:12px 16px;border-bottom:1px solid #dee2e6;font-weight:600;"">Chinese herbal formulas</td>
      <td style=""padding:12px 16px;border-bottom:1px solid #dee2e6;"">Prescribed by TCVM vets to drain Damp, clear Heat, and restore systemic balance</td>
      <td style=""padding:12px 16px;border-bottom:1px solid #dee2e6;"">Damp Heat patterns; chronic yeast with digestive involvement</td>
    </tr>
    <tr>
      <td style=""padding:12px 16px;border-bottom:1px solid #dee2e6;font-weight:600;"">Omega-3 fatty acids</td>
      <td style=""padding:12px 16px;border-bottom:1px solid #dee2e6;"">Reduces skin inflammation, supports the skin barrier, and helps restore coat and skin health after infection</td>
      <td style=""padding:12px 16px;border-bottom:1px solid #dee2e6;"">All skin-related fungal conditions; ongoing maintenance</td>
    </tr>
    <tr style=""background:#f0f7f4;"">
      <td style=""padding:12px 16px;"">Topical rinses</td>
      <td style=""padding:12px 16px;"">Diluted apple cider vinegar or coconut oil applied topically can help alter skin pH and provide mild antifungal support between baths</td>
      <td style=""padding:12px 16px;"">Surface yeast on paws and skin folds; adjunct to medicated shampoos</td>
    </tr>
  </tbody>
</table>

> **A word of caution on herbal treatments:** Natural does not automatically mean safe. Some herbal antifungals — including oregano oil — can be toxic to dogs at incorrect doses or formulations. Never administer herbal treatments without guidance from a veterinarian trained in botanical medicine. This is particularly important for small dogs, puppies, pregnant females, and dogs on other medications.

---

## Dietary Changes That Starve the Yeast

Diet is the single most powerful tool in managing chronic yeast overgrowth, and it is often the first thing a holistic vet will address. The core principle is straightforward: yeast feeds on sugar. Remove the sugar and you remove the fuel.

In practical terms this means:

- **Eliminating high-starch kibble.** Most dry dog food contains 30 to 60 percent carbohydrates, which convert to sugar during digestion. Switching to a low-carbohydrate, high-protein diet is foundational to yeast management.
- **Choosing novel or limited proteins.** Dogs with yeast overgrowth often have co-existing food sensitivities. A limited-ingredient diet with a single novel protein reduces the immune burden on the gut.
- **Avoiding sweet vegetables and fruits during active infection.** Carrots, peas, sweet potatoes, and fruits are wholesome foods, but their natural sugars can feed yeast during an active outbreak. Holistic vets often recommend temporarily removing these during the initial treatment phase.
- **Adding fermented foods.** Small amounts of plain fermented vegetables or kefir (if dairy is tolerated) introduce beneficial bacteria that compete with yeast in the gut.
- **Supporting the liver.** Antifungal treatments — both conventional and herbal — can place a burden on the liver as yeast organisms die off and release toxins. Milk thistle is commonly recommended by holistic vets to support liver function during treatment.

---

## What Type of Holistic Vet to Look For

Not every holistic veterinarian has the same training or focus. For dogs with fungal or yeast issues, certain specialties are particularly relevant.

**Veterinarians trained in Traditional Chinese Veterinary Medicine (TCVM)** are often the most comprehensive choice for chronic yeast cases. Their training in pattern diagnosis allows them to identify and treat the systemic imbalances driving the overgrowth — not just the surface presentation. They can prescribe customized herbal formulas and use acupuncture to support the immune system and internal organ function.

**Holistic vets specializing in herbal medicine** can provide botanical antifungal protocols that work systemically and are formulated specifically for dogs. This is particularly valuable when conventional antifungals have failed or when the owner wants to minimize pharmaceutical exposure.

**Integrative veterinarians** — those who blend conventional and holistic medicine — are ideal when the infection is significant enough to warrant conventional diagnostics (skin scraping, fungal culture, blood work) alongside a natural treatment approach. An integrative vet can confirm the diagnosis, rule out systemic infection, and then build a holistic support plan alongside any necessary conventional treatment.

**Veterinarians with training in nutritional therapy** are essential if diet is a suspected driver of the problem — which it frequently is. They can design an anti-yeast diet tailored to your dog's individual needs, sensitivities, and health history.

You can search our directory for holistic vets who specialize in [herbal medicine](/specialty/herbal-medicine/), [acupuncture](/specialty/acupuncture/), [Traditional Chinese Veterinary Medicine](/specialty/traditional-chinese-veterinary-medicine-tcvm/), and [nutritional therapy](/specialty/nutritional-therapy/) near you.

---

## Working Alongside Your Conventional Vet

It is worth emphasizing that holistic and conventional veterinary care are not opposites — the best outcomes for dogs with chronic fungal infections almost always involve both. Conventional medicine provides essential diagnostic tools and fast-acting treatments for acute infections. Holistic medicine provides the deeper, systemic work that prevents those infections from returning.

If your dog's regular vet has prescribed antifungal medication, continue that treatment as directed. A holistic vet can work in parallel to address the root causes while the conventional treatment manages the acute symptoms. Many integrative veterinarians are experienced at coordinating care with primary care vets and can communicate directly with your dog's regular doctor if needed.

The goal is not to choose between conventional and holistic — it is to use the best of both to give your dog lasting relief.

---

<div style=""background:#fff8f0;border-left:4px solid #F4A261;padding:16px 20px;border-radius:6px;margin:32px 0 16px;"">
<strong>Disclaimer:</strong> The information in this article is provided for educational purposes only and does not constitute veterinary medical advice, diagnosis, or treatment. Fungal infections in dogs vary significantly in type and severity. Some systemic fungal infections are life-threatening and require immediate conventional veterinary care. Never delay seeking professional veterinary attention based on information read online. The holistic approaches described here are intended to complement — not replace — the guidance of a licensed veterinarian. Always consult a qualified vet before beginning any new supplement, herbal remedy, or dietary protocol for your pet.
</div>","Fungal infections in dogs often keep coming back because the root cause is never addressed. Learn how holistic veterinarians approach yeast, ringworm, and chronic fungal issues from the inside out.",Kevin Collins,2026-02-19,https://res.cloudinary.com/dnmrgvjdm/image/upload/v1771457064/FungusTreatment_apzsoh.png,"Discover holistic and natural treatments for fungal infections in dogs, including yeast overgrowth, ringworm, and chronic ear infections. Learn which type of holistic vet can help most.",Published,holistic-treatment-fungal-infections-dogs,,,
Best Natural Pet Food for Dogs With Allergies: A Holistic Approach,"If your dog is constantly scratching, has recurring ear infections, suffers from chronic digestive upset, or has irritated paws they cannot stop licking, food may be at the root of the problem. Conventional medicine often addresses these symptoms with antihistamines, steroids, or prescription diets. Holistic veterinarians tend to ask a different question: why is the body reacting this way in the first place?

The answer, more often than not, begins in the gut.

<div style=""background:#f0f7f4;border-left:4px solid #2D6A4F;padding:16px 20px;border-radius:6px;margin:24px 0;"">
<strong>A note before we begin:</strong> This article is written for informational purposes only and does not constitute veterinary advice. Every dog is different, and dietary changes — especially for pets with allergies or chronic health conditions — should always be made in consultation with a licensed veterinarian. We recommend working with a <a href=""/vets/"">holistic or integrative vet</a> who can assess your dog's individual needs before making significant changes to their diet.
</div>

---

## The Gut-Skin-Immune Connection

In holistic veterinary medicine, the gut is considered the foundation of overall health. Approximately 70 percent of the immune system resides in the gastrointestinal tract, and when the gut is compromised, the effects ripple outward — often showing up on the skin, in the ears, and in the digestive system.

This is not a new idea. Traditional Chinese Veterinary Medicine has recognized the relationship between digestive health and skin conditions for centuries. Modern veterinary science is now catching up, with growing research supporting the concept of a gut-skin-immune axis in companion animals.

When a dog develops what appears to be a food allergy, it is rarely as simple as ""my dog is allergic to chicken."" What is often happening is a process called intestinal hyperpermeability — more commonly known as leaky gut. When the gut lining becomes damaged or inflamed, proteins from food pass into the bloodstream before they are fully digested. The immune system, encountering these foreign protein fragments, mounts a response. Over time, the immune system can begin reacting to foods it previously tolerated, creating a cycle of inflammation that shows up as itchy skin, digestive upset, and chronic ear problems.

The most common food allergens in dogs include:

- Beef
- Dairy products
- Chicken
- Wheat and gluten
- Egg
- Soy
- Lamb
- Corn

Notice that many of these are staples of conventional commercial dog food. The foods a dog eats most frequently are often the ones most likely to trigger a reaction — not because those foods are inherently bad, but because repeated exposure to the same proteins, particularly in a dog with a compromised gut, can overwhelm the immune system's tolerance.

---

## How Highly Processed Food Contributes to the Problem

Most commercial dry kibble is produced through a process called extrusion — ingredients are blended, cooked at extremely high temperatures, and forced through a die to create the familiar pellet shape. This process is efficient and shelf-stable, but it comes at a cost.

High-heat processing destroys many of the naturally occurring enzymes and nutrients in whole food ingredients, requiring synthetic vitamins and minerals to be added back in. It also denatures proteins in ways that may make them more immunoreactive. Preservatives, artificial colors, and flavor enhancers round out an ingredient list that, for a dog with a sensitive immune system, can represent a constant source of low-grade irritation.

Holistic veterinarians frequently observe that dogs switched from heavily processed diets to whole-food, minimally processed diets show meaningful improvements in skin, coat, digestion, and energy — sometimes within just a few weeks.

---

## What Holistic Vets Recommend

Rather than simply swapping one bag of kibble for another, holistic veterinarians take a more systematic approach to addressing food sensitivities. Common recommendations include:

**Elimination diets.** The gold standard for identifying food allergens. A dog is fed a single novel protein and a single carbohydrate source they have never eaten before — for example, venison and sweet potato — for 8 to 12 weeks. If symptoms improve, ingredients are reintroduced one at a time to identify the trigger.

**Whole food and minimally processed diets.** Fresh, raw, or gently cooked diets preserve more of the nutrients, enzymes, and bioavailable proteins that heavily processed food destroys. Holistic vets often recommend these as a foundation for dogs with chronic sensitivities.

**Gut healing support.** Before or alongside a dietary change, holistic practitioners frequently recommend probiotics, digestive enzymes, omega-3 fatty acids, and gut-supportive herbs like slippery elm to help restore the integrity of the gut lining.

**Rotating proteins over time.** Once a dog's gut has healed and trigger ingredients have been identified, rotating between two or three different protein sources can help prevent new sensitivities from developing.

---

## Reading the Label: Red Flags and Green Flags

Understanding what is actually in your dog's food is one of the most important skills a pet owner can develop. Ingredients are listed by weight before cooking, so the first five ingredients give you the clearest picture of what your dog is primarily eating.

<table style=""width:100%;border-collapse:collapse;margin:24px 0;"">
  <thead>
    <tr style=""background:#2D6A4F;color:white;"">
      <th style=""padding:12px 16px;text-align:left;width:50%;"">Green Flags — Look For These</th>
      <th style=""padding:12px 16px;text-align:left;width:50%;"">Red Flags — Avoid These</th>
    </tr>
  </thead>
  <tbody>
    <tr style=""background:#f0f7f4;"">
      <td style=""padding:12px 16px;border-bottom:1px solid #dee2e6;"">Named single protein source (e.g., ""duck,"" ""salmon,"" ""venison"")</td>
      <td style=""padding:12px 16px;border-bottom:1px solid #dee2e6;"">Generic ""meat meal"" or ""animal by-products""</td>
    </tr>
    <tr>
      <td style=""padding:12px 16px;border-bottom:1px solid #dee2e6;"">Short, recognizable ingredient list (under 20 ingredients)</td>
      <td style=""padding:12px 16px;border-bottom:1px solid #dee2e6;"">Multiple protein sources (harder to isolate the allergen)</td>
    </tr>
    <tr style=""background:#f0f7f4;"">
      <td style=""padding:12px 16px;border-bottom:1px solid #dee2e6;"">Whole vegetables and fruits as carbohydrate sources</td>
      <td style=""padding:12px 16px;border-bottom:1px solid #dee2e6;"">Corn, wheat, and soy as primary ingredients</td>
    </tr>
    <tr>
      <td style=""padding:12px 16px;border-bottom:1px solid #dee2e6;"">Natural preservatives (mixed tocopherols, rosemary extract)</td>
      <td style=""padding:12px 16px;border-bottom:1px solid #dee2e6;"">Artificial preservatives (BHA, BHT, ethoxyquin)</td>
    </tr>
    <tr style=""background:#f0f7f4;"">
      <td style=""padding:12px 16px;border-bottom:1px solid #dee2e6;"">Omega-3 sources (fish oil, flaxseed)</td>
      <td style=""padding:12px 16px;border-bottom:1px solid #dee2e6;"">Artificial colors, flavors, or sweeteners</td>
    </tr>
    <tr>
      <td style=""padding:12px 16px;"">Added probiotics or prebiotics</td>
      <td style=""padding:12px 16px;"">Corn syrup or added sugars</td>
    </tr>
  </tbody>
</table>

---

## Natural Brands Worth Considering

The brands below are frequently recommended in holistic veterinary circles for dogs with food sensitivities. This is not an exhaustive list, and no single brand is right for every dog. Use this as a starting point for conversation with your veterinarian.

<table style=""width:100%;border-collapse:collapse;margin:24px 0;"">
  <thead>
    <tr style=""background:#2D6A4F;color:white;"">
      <th style=""padding:12px 16px;text-align:left;"">Brand</th>
      <th style=""padding:12px 16px;text-align:left;"">Protein Approach</th>
      <th style=""padding:12px 16px;text-align:left;"">Processing Level</th>
      <th style=""padding:12px 16px;text-align:left;"">Best For</th>
    </tr>
  </thead>
  <tbody>
    <tr style=""background:#f0f7f4;"">
      <td style=""padding:12px 16px;border-bottom:1px solid #dee2e6;font-weight:600;"">The Farmer's Dog</td>
      <td style=""padding:12px 16px;border-bottom:1px solid #dee2e6;"">Single named protein, customized</td>
      <td style=""padding:12px 16px;border-bottom:1px solid #dee2e6;"">Gently cooked, fresh</td>
      <td style=""padding:12px 16px;border-bottom:1px solid #dee2e6;"">Whole-food transition, picky eaters</td>
    </tr>
    <tr>
      <td style=""padding:12px 16px;border-bottom:1px solid #dee2e6;font-weight:600;"">Zignature</td>
      <td style=""padding:12px 16px;border-bottom:1px solid #dee2e6;"">Single novel protein (kangaroo, trout, duck)</td>
      <td style=""padding:12px 16px;border-bottom:1px solid #dee2e6;"">Dry kibble, limited ingredient</td>
      <td style=""padding:12px 16px;border-bottom:1px solid #dee2e6;"">Elimination diet support</td>
    </tr>
    <tr style=""background:#f0f7f4;"">
      <td style=""padding:12px 16px;border-bottom:1px solid #dee2e6;font-weight:600;"">Instinct Raw</td>
      <td style=""padding:12px 16px;border-bottom:1px solid #dee2e6;"">Single protein, freeze-dried raw</td>
      <td style=""padding:12px 16px;border-bottom:1px solid #dee2e6;"">Freeze-dried / raw</td>
      <td style=""padding:12px 16px;border-bottom:1px solid #dee2e6;"">Dogs who thrive on raw, sensitive digestion</td>
    </tr>
    <tr>
      <td style=""padding:12px 16px;border-bottom:1px solid #dee2e6;font-weight:600;"">Canidae Pure</td>
      <td style=""padding:12px 16px;border-bottom:1px solid #dee2e6;"">Single protein, minimal ingredients</td>
      <td style=""padding:12px 16px;border-bottom:1px solid #dee2e6;"">Dry kibble, limited ingredient</td>
      <td style=""padding:12px 16px;border-bottom:1px solid #dee2e6;"">Budget-conscious whole food approach</td>
    </tr>
    <tr style=""background:#f0f7f4;"">
      <td style=""padding:12px 16px;border-bottom:1px solid #dee2e6;font-weight:600;"">Merrick Limited Ingredient</td>
      <td style=""padding:12px 16px;border-bottom:1px solid #dee2e6;"">Single protein, grain-free options</td>
      <td style=""padding:12px 16px;border-bottom:1px solid #dee2e6;"">Dry and wet, limited ingredient</td>
      <td style=""padding:12px 16px;border-bottom:1px solid #dee2e6;"">Transitioning from conventional food</td>
    </tr>
    <tr>
      <td style=""padding:12px 16px;border-bottom:1px solid #dee2e6;font-weight:600;"">Acana Singles</td>
      <td style=""padding:12px 16px;border-bottom:1px solid #dee2e6;"">Single named protein, high meat content</td>
      <td style=""padding:12px 16px;border-bottom:1px solid #dee2e6;"">Dry kibble, air-dried</td>
      <td style=""padding:12px 16px;border-bottom:1px solid #dee2e6;"">High-protein diets, active dogs</td>
    </tr>
    <tr style=""background:#f0f7f4;"">
      <td style=""padding:12px 16px;font-weight:600;"">Natural Balance L.I.D.</td>
      <td style=""padding:12px 16px;"">Single protein, limited carbohydrate</td>
      <td style=""padding:12px 16px;"">Dry and wet, limited ingredient</td>
      <td style=""padding:12px 16px;"">Long-established, widely available</td>
    </tr>
  </tbody>
</table>

---

## Why Working With a Holistic Vet Makes the Difference

Switching to a better food is a meaningful step, but it is rarely the complete answer on its own — particularly for dogs with established, chronic sensitivities. A holistic or integrative veterinarian brings several important things to the process that no food label can provide.

**Accurate diagnosis.** Not every itchy, scratching dog has a food allergy. Environmental allergens, contact sensitivities, and parasites can produce identical symptoms. A holistic vet will help you determine whether food is actually the culprit before you spend months on a dietary trial that may not address the real cause.

**A complete healing plan.** Holistic vets address food sensitivities as part of a whole-body picture. In addition to dietary changes, they may recommend acupuncture to support immune regulation, herbal formulas to heal the gut lining, nutritional supplements to reduce inflammation, and Traditional Chinese Veterinary Medicine food therapy to match your dog's diet to their individual constitution.

**Guidance through the elimination diet process.** An elimination diet sounds straightforward but is notoriously difficult to do correctly. A single treat, flavored medication, or chew toy can contaminate the trial and produce misleading results. A holistic vet will guide you through the process systematically and help you interpret what you observe.

**Long-term support.** Food sensitivities in dogs are rarely a one-time fix. A holistic vet can help you build a long-term feeding strategy that keeps your dog's gut healthy, rotates proteins thoughtfully, and adapts as your dog's needs change with age.

If you are ready to take a more integrative approach to your dog's food allergies, the first step is finding a veterinarian who shares that philosophy. Use our [holistic vet directory](/vets/) to search for integrative practitioners near you, including those who specialize in [nutritional therapy](/specialty/nutritional-therapy/) and [Traditional Chinese Veterinary Medicine](/specialty/traditional-chinese-veterinary-medicine-tcvm/).

---

<div style=""background:#fff8f0;border-left:4px solid #F4A261;padding:16px 20px;border-radius:6px;margin:32px 0 16px;"">
<strong>Disclaimer:</strong> The information in this article is intended for educational purposes only and does not constitute veterinary medical advice. Food allergies and sensitivities in dogs can have multiple underlying causes that require professional diagnosis. Always consult a licensed veterinarian before making significant changes to your pet's diet, beginning an elimination diet, or discontinuing any prescribed treatment. Individual dogs may respond differently to dietary changes, and what works well for one animal may not be appropriate for another.
</div>
","Food allergies in dogs are often a sign of deeper imbalance. Learn how a holistic approach to diet — whole ingredients, limited proteins, and gut support — can help your dog thrive.",Kevin Collins,2026-02-18,https://res.cloudinary.com/dnmrgvjdm/image/upload/v1771388065/cozy_kitchen_nook_with_fresh_vegetables_seeds_blue_copy_panjtd.png,"Discover the best natural pet food for dogs with allergies using a holistic approach. Learn how diet, gut health, and whole-food ingredients can help your dog heal from the inside out.",Published,best-natural-pet-food-dogs-allergies,,,
Chiropractic Care for Pets: Is It Right for Your Dog or Cat?,"Chiropractic care is no longer just for humans. Veterinary chiropractic—also called animal chiropractic—has become one of the fastest-growing holistic modalities in veterinary medicine. From athletic dogs and performance horses to aging cats with mobility issues, chiropractic adjustments are helping animals of all kinds move better, feel better, and live more comfortably.

But what exactly is animal chiropractic, and how do you know if it is right for your pet? This guide covers everything you need to know.

## What Is Veterinary Chiropractic?

Veterinary chiropractic is a manual therapy that focuses on the relationship between the spine, the nervous system, and overall body function. Practitioners use controlled, specific adjustments to the vertebrae and joints to correct misalignments (called subluxations) that may be interfering with nerve function, causing pain, or limiting mobility.

The underlying principle is that when the spine is properly aligned, the nervous system can function optimally, which supports the body's natural ability to heal and maintain health. When vertebrae are misaligned, they can put pressure on nerves, leading to pain, muscle tension, reduced range of motion, and even organ dysfunction.

Animal chiropractic should only be performed by a licensed veterinarian or a licensed human chiropractor who has completed additional certification in animal chiropractic through an approved program.

## How It Differs from Human Chiropractic

While the principles are similar, animal chiropractic requires specialized knowledge:

**Anatomy differences:** Dogs, cats, horses, and other animals have very different spinal structures than humans. A practitioner must understand the specific anatomy of each species they treat.

**Communication challenges:** Animals cannot describe their symptoms verbally. Animal chiropractors must rely on observation, palpation, gait analysis, and the owner's observations to identify problems.

**Adjustment techniques:** The forces and techniques used on animals are adapted to their size and anatomy. Adjustments for a small cat are very different from those for a large dog or horse.

**Four-legged biomechanics:** Animals bear weight differently than humans, and their spinal mechanics are fundamentally different. This requires a different understanding of how subluxations occur and how they affect the animal.

## Conditions Chiropractic Care Can Help

Veterinary chiropractic is used to treat a variety of conditions:

**Back and neck pain:** Dogs and cats can suffer from spinal pain just like humans. Chiropractic adjustments can relieve pain and restore normal function.

**Mobility and stiffness:** Pets who are slowing down, having difficulty rising, or showing reluctance to move in certain ways may benefit from chiropractic care.

**Hip dysplasia and joint problems:** While chiropractic cannot cure structural conditions like hip dysplasia, it can help manage associated pain and compensatory issues throughout the spine and pelvis.

**Post-surgical recovery:** After orthopedic or spinal surgery, chiropractic care can support recovery by addressing compensatory patterns that develop when an animal favors one side.

**Performance and athletic dogs:** Working dogs, agility dogs, and other athletic animals benefit from regular chiropractic maintenance to keep them performing at their best and prevent injuries.

**Intervertebral disc disease (IVDD):** Chiropractic care can be part of a comprehensive treatment plan for dogs with disc problems, helping to maintain spinal mobility and manage pain.

**Gait abnormalities:** If your pet has developed an unusual way of walking, limping, or bunny-hopping, spinal misalignments may be a contributing factor.

**Incontinence:** In some cases, urinary or fecal incontinence can be related to nerve compression in the lower spine. Chiropractic adjustment of the affected area may help improve nerve function.

## What a Chiropractic Session Looks Like

If you have never taken your pet to a chiropractor, here is what to expect:

**Initial assessment:** The practitioner will take a detailed history and perform a thorough examination. This typically includes observing your pet's posture and gait, palpating the spine and joints, testing range of motion, and checking for areas of pain or muscle tension.

**The adjustment:** Using their hands, the chiropractor will apply controlled, specific force to joints that are not moving properly. The adjustments are generally quick and gentle. Most pets tolerate them well, and many seem to relax during treatment.

**After the session:** Your pet may be slightly tired after their first adjustment, which is normal. Some pets show immediate improvement in mobility, while others may need a few sessions before noticeable changes occur. The practitioner will typically recommend a follow-up schedule.

**Ongoing care:** Depending on your pet's condition, chiropractic care may involve an initial series of more frequent visits followed by maintenance sessions. Athletic and working dogs may benefit from regular monthly adjustments as part of their wellness routine.

## AVCA Certification: The Gold Standard

When choosing a chiropractor for your pet, the most important credential to look for is certification from the American Veterinary Chiropractic Association (AVCA).

AVCA certification requires completion of an approved training program (minimum 210 hours of coursework), passing written and practical examinations, and maintaining continuing education requirements. Only licensed veterinarians and licensed human chiropractors are eligible for AVCA certification.

Other reputable training programs include those offered by the International Veterinary Chiropractic Association (IVCA) and Options for Animals College of Animal Chiropractic.

## Safety Considerations

When performed by a properly trained and certified practitioner, chiropractic care is very safe for pets. However, there are some important considerations:

- Chiropractic should not be used as a substitute for proper veterinary diagnosis. Always have your pet examined by a veterinarian before beginning chiropractic care.
- Certain conditions are contraindicated for chiropractic adjustment, including fractures, bone cancer, severe disc herniation, and spinal infections. A qualified practitioner will screen for these before treatment.
- The adjustments should never be forceful or cause your pet significant distress. If your pet is crying out in pain during adjustments, something may be wrong.
- Always ensure your practitioner is properly certified. Untrained individuals attempting spinal manipulation on animals can cause serious harm.

## How Chiropractic Complements Other Holistic Modalities

One of the strengths of chiropractic care is how well it works alongside other holistic treatments:

- **Acupuncture and chiropractic** are a powerful combination, with acupuncture addressing pain and inflammation while chiropractic restores structural alignment.
- **Physical rehabilitation** exercises can help maintain the improvements gained through chiropractic adjustments.
- **Massage therapy** can relax muscles before an adjustment, making the treatment more effective.
- **Nutritional support** with anti-inflammatory supplements can complement the structural work done through chiropractic.

Many integrative veterinary practices offer several of these modalities together as part of a comprehensive treatment plan.

## Finding a Certified Animal Chiropractor

Use our directory to search for holistic veterinarians who offer chiropractic care in your area. When contacting a practice, ask specifically about AVCA certification and experience with your pet's species and condition.

If your pet is struggling with pain, mobility issues, or musculoskeletal problems, chiropractic care may provide the relief they need. Combined with other integrative therapies, it can be a valuable part of your pet's ongoing health and wellness plan.
","Pet chiropractic care can help with pain, mobility, and overall wellness. Learn how it works, what conditions it treats, and how to find a certified practitioner.",Kevin Collins,2026-02-18,https://res.cloudinary.com/dnmrgvjdm/image/upload/v1771348659/chiropracticcare_rygitf.png,"Learn about chiropractic care for dogs and cats, including what it treats, what a session looks like, AVCA certification, safety, and how it helps with mobility.",Published,chiropractic-care-for-pets,,,
Pet Insurance and Holistic Vet Care: Which Plans Cover It? (2025 Guide)   ,"If your pet receives acupuncture, chiropractic care, hydrotherapy, or other integrative treatments, choosing the right pet insurance plan matters more than you might think. Most pet owners assume that if a licensed veterinarian performs a treatment, insurance will cover it. Unfortunately, that is not always true when it comes to holistic and alternative therapies.

This guide compares the top eight pet insurance companies based on their 2025 holistic care coverage policies. We scored each company on a 10-point scale and identified the top three plans for pet owners who use — or plan to use — a holistic veterinarian.

> **Disclaimer:** Insurance plans, premiums, and coverage terms change frequently. The information below reflects policies as of 2025. Always verify current coverage details directly with the insurer before enrolling.

---

## Why Holistic Coverage Matters

Integrative veterinary treatments can be highly effective for managing chronic pain, mobility issues, anxiety, digestive conditions, and more. But they can also represent a meaningful recurring cost:

- Veterinary acupuncture: $75–$200 per session
- Chiropractic adjustments: $65–$150 per session
- Hydrotherapy/rehabilitation: $50–$100 per session
- Herbal medicine formulas: $30–$80 per month

For a pet receiving regular acupuncture for arthritis or chiropractic care after a spinal injury, annual costs for holistic treatments alone can easily exceed $1,500. The right insurance plan can offset a significant portion of that.

---

## How We Scored Each Company

Each company was rated out of 10 points across five categories:

| Category | Points Available |
|---|---|
| Acupuncture coverage (standard plan, no rider required) | 3 |
| Chiropractic coverage | 2 |
| Physical rehabilitation / hydrotherapy coverage | 2 |
| Herbal or nutritional therapy coverage | 1 |
| Ease of reimbursement for holistic claims | 2 |

---

## The Chart: Holistic Coverage Scores at a Glance

<div class=""blog-chart-wrap"">
  <canvas id=""insurance-chart"" data-chart='{""type"":""bar"",""data"":{""labels"":[""Trupanion"",""Embrace"",""Fetch by The Dodo"",""Spot"",""Nationwide"",""ASPCA"",""Lemonade"",""Healthy Paws""],""datasets"":[{""label"":""Holistic Coverage Score (out of 10)"",""data"":[8,8,7,6,5,5,3,1],""backgroundColor"":[""#2D6A4F"",""#2D6A4F"",""#40916C"",""#52B788"",""#95D5B2"",""#95D5B2"",""#F4A261"",""#E76F51""],""borderRadius"":4}]},""options"":{""indexAxis"":""y"",""responsive"":true,""maintainAspectRatio"":false,""plugins"":{""legend"":{""display"":false},""tooltip"":{""callbacks"":{}}},""scales"":{""x"":{""min"":0,""max"":10,""ticks"":{""stepSize"":2},""title"":{""display"":true,""text"":""Score out of 10""}},""y"":{""ticks"":{""font"":{""size"":13}}}}}}'>
  </canvas>
</div>
<p class=""blog-chart-caption"">Holistic Care Coverage Score by pet insurance company (2025). Higher scores indicate broader coverage for integrative and alternative veterinary treatments. Based on standard plan terms; verify current policies with each provider.</p>

---

## Company-by-Company Breakdown

### 1. Trupanion — Score: 8/10

Trupanion is one of the most holistic-friendly insurers in the market. Acupuncture, hydrotherapy, physical rehabilitation, and physiotherapy are all covered under the standard plan with no need to purchase an additional rider. Their per-condition deductible model (typically around $200 per condition) is unusual but can work well for pets with ongoing holistic treatment for a specific condition once the deductible is met.

**Covers:** Acupuncture, hydrotherapy, physiotherapy, physical rehabilitation
**Does not cover:** Herbal/nutritional supplements
**Reimbursement:** 90% of eligible expenses after deductible
**Approximate monthly premium:** $85–$130 (varies by pet age, breed, and location)

---

### 2. Embrace Pet Insurance — Score: 8/10

Embrace explicitly lists acupuncture, chiropractic care, physical therapy, and hydrotherapy as covered treatments under their accident and illness plans. This transparency makes Embrace particularly appealing for holistic vet clients who want to know upfront exactly what is covered. They also offer a Wellness Rewards add-on that can reimburse for routine and preventive care.

**Covers:** Acupuncture, chiropractic, physical therapy, hydrotherapy
**Does not cover:** Herbal medicine, homeopathy
**Reimbursement:** 70–90% (your choice)
**Approximate monthly premium:** $40–$80

---

### 3. Fetch by The Dodo — Score: 7/10

Fetch covers a solid range of alternative therapies including acupuncture, chiropractic care, and physical therapy. Their plans tend to be comprehensive with higher annual limits than many competitors, which benefits pets receiving multiple types of integrative treatment simultaneously. The reimbursement process for holistic claims has occasionally been noted as requiring additional documentation.

**Covers:** Acupuncture, chiropractic, physical therapy
**Does not cover:** Herbal medicine, hydrotherapy (plan-dependent)
**Reimbursement:** 70–90%
**Approximate monthly premium:** $40–$80

---

### 4. Spot Pet Insurance — Score: 6/10

Spot covers alternative therapies including acupuncture and chiropractic care, but coverage is primarily available on their higher-tier Platinum and Gold plans. Pet owners on basic plans may find these treatments excluded. If you are already committed to a holistic vet, make sure to select the appropriate plan tier from the start.

**Covers:** Acupuncture, chiropractic (Gold/Platinum plans)
**Does not cover:** Herbal medicine; limited on lower-tier plans
**Reimbursement:** 70–90%
**Approximate monthly premium:** $35–$70

---

### 5. Nationwide Pet Insurance — Score: 5/10

Nationwide's ""Whole Pet"" plan includes some alternative care, and as one of the largest and most established pet insurers, they have broad brand recognition. However, holistic coverage is not as consistently defined across their plans as with Trupanion or Embrace. Some alternative treatments may require pre-authorization. Their Whole Pet plan is the one most likely to cover integrative therapies.

**Covers:** Some alternative therapies under Whole Pet plan
**Does not cover:** Herbal/nutritional supplements
**Reimbursement:** Varies by plan
**Approximate monthly premium:** $35–$100

---

### 6. ASPCA Pet Health Insurance — Score: 5/10

ASPCA's insurance products (underwritten by PTZ Insurance Agency) cover some alternative treatments depending on the selected plan. Coverage is more limited than the top three, but the ASPCA brand provides some reassurance about the company's values. As with Nationwide, confirm holistic coverage details before enrolling.

**Covers:** Some alternative therapies (plan-dependent)
**Does not cover:** Herbal medicine
**Reimbursement:** 70–90%
**Approximate monthly premium:** $35–$65

---

### 7. Lemonade Pet Insurance — Score: 3/10

Lemonade is a tech-forward insurer known for fast claims processing and an intuitive app. However, their core pet insurance policy is focused on conventional veterinary care and offers minimal coverage for holistic or alternative treatments. A preventive care add-on exists, but it is geared toward standard wellness visits rather than integrative therapies.

**Covers:** Very limited holistic coverage
**Does not cover:** Most alternative therapies
**Reimbursement:** 70–90%
**Approximate monthly premium:** $30–$50

---

### 8. Healthy Paws — Score: 1/10

Healthy Paws is consistently rated one of the best pet insurers overall for conventional care, with fast claims and high customer satisfaction. However, they explicitly exclude alternative and holistic treatments from coverage. If your pet's care plan includes regular acupuncture or chiropractic, Healthy Paws is not the right fit — regardless of how competitive their premiums are for other services.

**Covers:** Does not cover alternative or holistic therapies
**Does not cover:** Acupuncture, chiropractic, herbal medicine, hydrotherapy
**Reimbursement:** 70–90% for covered conditions
**Approximate monthly premium:** $30–$60

---

## The Top 3 for Holistic Vet Clients

Based on our 2025 scoring, the three best pet insurance companies for pet owners who use holistic veterinarians are:

1. **Trupanion** — Best for pets with a single ongoing condition receiving regular integrative treatment. Per-condition deductible pays off over time.
2. **Embrace** — Best overall transparency and flexibility. Explicitly lists covered holistic treatments and lets you choose your reimbursement percentage.
3. **Fetch by The Dodo** — Best for comprehensive coverage with high annual limits, particularly for pets receiving multiple types of integrative therapy.

---

## What to Ask Before You Enroll

Before signing up for any plan, ask the insurer these questions directly:

1. Does your standard plan cover acupuncture performed by a licensed veterinarian?
2. Is chiropractic care covered when performed by a certified veterinary chiropractor (AVCA)?
3. Is pre-authorization required for alternative treatments?
4. Are there annual or per-incident limits for holistic therapies?
5. How do I document holistic treatment claims for reimbursement?

Getting answers in writing — or confirmed in the policy document — will protect you from surprises when a claim is submitted.

---

## Finding a Holistic Vet Who Works With Insurance

Most holistic veterinarians are licensed DVMs and can provide the SOAP notes and itemized invoices that insurance companies require for reimbursement. When you book your first appointment, let the practice know you have pet insurance and ask whether they have experience helping clients file holistic care claims.

Use our [holistic vet directory](/vets/) to find certified integrative veterinarians near you. You can filter by specialty — including [acupuncture](/specialty/acupuncture/), [chiropractic](/specialty/chiropractic/), and [physical therapy](/specialty/physical-therapy-rehabilitation/) — to find a vet whose treatments your insurance is most likely to cover.
","Not all pet insurance covers holistic veterinary care. We scored the top 8 companies on their 2025 holistic coverage
  policies to help you find the best plan for integrative pet care.",Kevin Collins,2026-02-17,https://res.cloudinary.com/dnmrgvjdm/image/upload/v1771383822/Pet_Chirpractic_Dr._Parker_Back_on_Track_copy_ga9hmk.png,"Compare the top pet insurance companies for holistic vet coverage in 2025. Find out which plans cover acupuncture,
  chiropractic, and integrative care — and which three come out on top.",Published,pet-insurance-holistic-vet-coverage-2025,,,
Homeopathic Veterinary Care: What Every Pet Owner Should Know,"Homeopathic veterinary medicine is one of the most widely discussed yet frequently misunderstood holistic modalities available for pets. If you have been searching for a homeopathic vet near you, it helps to understand what homeopathy is, how it works in veterinary practice, and what you can realistically expect from treatment.

This guide provides a thorough overview of homeopathic veterinary care so you can make an informed decision about whether it might benefit your pet.

## What Is Veterinary Homeopathy?

Homeopathy is a system of medicine developed in the late 1700s by German physician Samuel Hahnemann. It is based on the principle of ""like cures like""—the idea that a substance that causes symptoms in a healthy individual can, in highly diluted form, stimulate healing in an individual experiencing similar symptoms.

In veterinary practice, homeopathic vets use these same principles to treat animals. They select remedies based on the totality of an animal's symptoms—not just the primary complaint, but the entire picture of the animal's physical, emotional, and behavioral state.

Homeopathic remedies are prepared through a process of serial dilution and succussion (vigorous shaking). The remedies are typically given as small pellets, liquid drops, or dissolved in water.

## How Homeopathic Treatment Differs from Conventional Care

When you visit a homeopathic vet, the experience is quite different from a standard veterinary appointment. Here is what sets it apart:

**Lengthy initial consultation:** A homeopathic vet will typically spend 60 to 90 minutes on an initial consultation. They need to understand your pet's complete health picture, including their personality, preferences, fears, sleep patterns, appetite, thirst, and responses to weather and temperature.

**Individualized treatment:** In conventional medicine, two dogs with arthritis might receive the same anti-inflammatory medication. In homeopathy, those two dogs might receive entirely different remedies based on their individual symptom patterns, temperament, and constitution.

**Single remedy approach:** Classical homeopaths typically prescribe one remedy at a time and observe the patient's response before making adjustments. This careful, methodical approach requires patience from both the practitioner and the pet owner.

**Minimal side effects:** Because homeopathic remedies are highly diluted, they generally produce very few side effects. This makes them particularly appealing for pets who are sensitive to conventional medications.

## Common Conditions Treated with Homeopathy

Homeopathic veterinarians treat a wide range of conditions. Some of the most common include:

**Chronic skin conditions:** Allergies, hot spots, recurrent skin infections, and itching that does not respond well to conventional treatment are frequently addressed with homeopathy.

**Behavioral and emotional issues:** Anxiety, fear of thunderstorms or fireworks, separation anxiety, aggression, and grief after losing a companion animal are areas where homeopathy is often sought.

**Digestive disorders:** Chronic diarrhea, inflammatory bowel disease, vomiting, and food sensitivities may respond to homeopathic treatment.

**Musculoskeletal problems:** Arthritis, joint pain, stiffness, and mobility issues in aging pets are commonly treated conditions.

**Respiratory conditions:** Chronic coughs, asthma-like symptoms, and recurring upper respiratory infections may be addressed homeopathically.

**Urinary issues:** Recurrent urinary tract infections, crystals, and incontinence are conditions that homeopathic vets frequently treat.

**Immune system support:** Pets with weakened immune systems, autoimmune conditions, or those recovering from illness may benefit from homeopathic support.

## What to Expect During a Homeopathic Vet Visit

Understanding the process helps set realistic expectations:

**Before the visit:** Prepare a detailed history of your pet's health, including current symptoms, past illnesses, vaccinations, medications, diet, and any behavioral observations. The more information you can provide, the better the homeopathic vet can select an appropriate remedy.

**During the consultation:** The vet will ask detailed questions that may seem unusual compared to a conventional appointment. They might ask about your pet's food preferences, sleeping positions, reaction to being comforted, thirst patterns, and how symptoms change with weather or time of day. These details help them identify the most appropriate remedy.

**After the visit:** You will receive a remedy with specific instructions for administration. The homeopathic vet will typically schedule a follow-up appointment in two to four weeks to assess your pet's response.

**The healing process:** Homeopathic treatment often works gradually. Some pets show improvement quickly, while others may take weeks or even months to respond fully. In some cases, there may be a brief initial worsening of symptoms (called an aggravation) before improvement begins. Your vet will explain what to watch for and when to contact them.

## Finding a Qualified Homeopathic Vet

Not all holistic vets practice homeopathy, and not all who claim to practice it have the same level of training. When searching for a homeopathic vet near you, look for these qualifications:

**Academy of Veterinary Homeopathy (AVH):** The AVH is the primary professional organization for veterinary homeopaths in North America. Members have completed advanced training in homeopathic philosophy and practice.

**Classical training:** Classical homeopaths follow the traditional principles of homeopathy more closely, including the single remedy approach. Ask potential practitioners about their training and approach.

**AHVMA membership:** The American Holistic Veterinary Medical Association includes many members who practice homeopathy as part of their integrative approach.

**Experience with your pet's condition:** Ask how much experience the vet has treating your pet's specific condition with homeopathy and what outcomes they typically see.

## Homeopathy as Part of Integrative Care

Many pet owners find that homeopathy works best as part of a broader integrative approach. A homeopathic vet may also incorporate nutritional counseling, herbal support, or other complementary therapies alongside homeopathic remedies.

It is also important to maintain a relationship with a conventional veterinarian for emergencies, diagnostic testing, and situations where conventional medicine is clearly the best option. The most responsible homeopathic vets will readily acknowledge when conventional treatment is needed and will work collaboratively with your regular vet.

## Safety Considerations

Homeopathic remedies are generally considered very safe due to their high dilution. However, there are some important considerations:

- Always work with a licensed veterinarian who has training in homeopathy rather than attempting to treat your pet on your own.
- Do not discontinue prescribed conventional medications without consulting both your regular vet and your homeopathic vet.
- Be wary of over-the-counter combination homeopathic products marketed for pets. Classical homeopathy is individualized, and these generic products do not follow the same principles.
- Keep realistic expectations. Homeopathy may not be effective for every condition or every animal.

## Is Homeopathic Veterinary Care Right for Your Pet?

Homeopathy may be worth exploring if your pet has chronic conditions that are not fully managed by conventional treatment, if your pet is sensitive to conventional medications, or if you are looking for a gentler approach to health care that considers your pet's complete physical and emotional state.

The best way to determine if homeopathy is appropriate for your pet is to schedule a consultation with a qualified homeopathic veterinarian. Use our directory to find holistic vets in your area who practice homeopathy, and take the first step toward exploring this time-honored approach to animal healing.",Homeopathic veterinary care uses highly diluted natural substances to stimulate your pet's healing response. Learn what to expect and how to find a qualified practitioner.,Kevin Collins,2026-02-17,https://res.cloudinary.com/dnmrgvjdm/image/upload/v1771343998/HomeopathicConsult_fammcf_xtugzh.png,"Discover what homeopathic veterinary care is, how it works, conditions it treats, and how to find a qualified homeopathic vet near you for your pet.
Excerpt: Homeopathic veterinary care uses highly diluted natural substances to stimulate your pet's healing response. Learn what to expect and how to find a qualified practitioner.",Published,homeopathic-veterinary-care-guide,,,
Understanding TCVM: Traditional Chinese Veterinary Medicine Explained,"Traditional Chinese Veterinary Medicine, commonly known as TCVM, is one of the oldest and most comprehensive systems of animal health care in the world. With roots stretching back over 3,000 years, TCVM offers a complete framework for understanding, diagnosing, and treating animal health conditions that is fundamentally different from Western veterinary medicine—yet remarkably complementary to it.

If you have seen TCVM listed as a specialty for veterinarians in our directory, you may be wondering what it involves and how it might help your pet. This guide provides a thorough introduction.

## What Is TCVM?

TCVM is the application of Traditional Chinese Medicine principles to veterinary practice. It views the body as an interconnected system where health depends on the balanced flow of vital energy, known as Qi (pronounced ""chee""), through the body.

When Qi flows freely and is in balance, the animal is healthy. When the flow of Qi is disrupted or imbalanced, disease results. The goal of TCVM treatment is to restore balance and proper Qi flow, thereby allowing the body to heal itself.

This may sound abstract, but in practice, TCVM provides a highly systematic and detailed framework for diagnosing and treating disease. TCVM practitioners undergo extensive training to learn pattern recognition, diagnostic techniques, and treatment protocols that have been refined over millennia.

## The Five Branches of TCVM

TCVM encompasses five distinct but interrelated treatment modalities:

### 1. Acupuncture

Acupuncture is the most widely known branch of TCVM. It involves inserting thin, sterile needles into specific points on the body to stimulate healing, relieve pain, and restore the flow of Qi. Veterinary acupuncture has been extensively studied and is one of the most evidence-supported holistic modalities available.

In animals, acupuncture points are located along meridians—channels through which Qi flows. There are over 170 recognized acupuncture points in dogs and cats. The specific points selected for treatment depend on the animal's diagnosis and the condition being treated.

Modern research has shown that acupuncture stimulates nerve endings, releases endorphins and other natural pain-relieving chemicals, improves blood circulation, and modulates the immune system.

### 2. Chinese Herbal Medicine

Chinese herbal medicine uses carefully formulated combinations of plant, mineral, and sometimes animal-derived ingredients to treat disease. Unlike Western herbalism, which often uses single herbs, Chinese herbal medicine relies on complex formulas where multiple ingredients work together synergistically.

These formulas are prescribed based on the individual animal's TCVM diagnosis. Two dogs with the same Western diagnosis (such as arthritis) might receive completely different herbal formulas based on their TCVM pattern of disharmony.

### 3. Food Therapy

Food therapy is a unique and fascinating branch of TCVM that uses the energetic properties of foods to prevent and treat disease. In TCVM, every food has specific thermal properties (warming, cooling, or neutral) and affects specific organ systems.

A TCVM food therapy plan might recommend warming foods for a pet who tends to seek heat, or cooling foods for a pet with inflammatory conditions. This approach goes far beyond standard nutritional advice and can be a powerful complement to other treatments.

### 4. Tui-Na Massage

Tui-Na is a therapeutic massage technique that uses specific hand movements and pressure on acupuncture points and meridians to promote Qi flow, relieve muscle tension, and support healing. It is often used alongside acupuncture and can be taught to pet owners for at-home maintenance between veterinary visits.

### 5. Qi Gong

Qi Gong involves gentle exercises and breathing techniques designed to cultivate and balance Qi. While it is practiced less commonly in veterinary medicine than the other four branches, some TCVM practitioners incorporate Qi Gong principles into their treatment approach and may teach exercises that owners can do with their pets.

## How TCVM Diagnosis Works

One of the most distinctive aspects of TCVM is its diagnostic approach. Rather than relying solely on lab tests and imaging, TCVM practitioners use observational and palpation techniques that have been refined over centuries:

**Tongue diagnosis:** The color, shape, moisture, and coating of your pet's tongue provide important diagnostic information. A pale tongue might indicate a deficiency, while a red tongue could suggest excess heat.

**Pulse diagnosis:** TCVM practitioners feel the pulse at specific points to assess the quality of Qi flow and the condition of internal organs. The pulse is evaluated for rate, strength, quality, and other subtle characteristics.

**Constitutional assessment:** Your pet's overall constitution—their personality, preferences, physical build, and tendencies—provides essential diagnostic information in TCVM.

**Pattern recognition:** Based on all gathered information, the TCVM practitioner identifies a ""pattern of disharmony"" that guides treatment. This pattern describes the nature and location of the imbalance in the animal's body.

## Common Conditions Treated with TCVM

TCVM is used to treat a remarkably wide range of conditions, including:

- Musculoskeletal pain and arthritis
- Gastrointestinal disorders
- Skin conditions and allergies
- Respiratory problems
- Neurological conditions including paralysis and seizures
- Endocrine disorders
- Behavioral and emotional problems
- Cancer support and palliative care
- Reproductive issues
- Immune system dysfunction
- Kidney and liver disease
- Geriatric wellness and quality of life

TCVM is particularly valued for its effectiveness with chronic conditions that may not respond fully to conventional Western treatment.

## TCVM and Western Medicine: Better Together

The most effective modern TCVM practitioners are integrative veterinarians who use both TCVM and Western medicine. This combination allows them to use Western diagnostic tools like blood work and imaging for precise diagnosis while applying TCVM treatment principles for conditions where they offer advantages.

For example, a dog with intervertebral disc disease might receive an MRI for diagnosis (Western medicine), anti-inflammatory medication for acute pain management (Western medicine), acupuncture for pain relief and nerve function recovery (TCVM), Chinese herbal medicine for inflammation and healing (TCVM), and food therapy to support overall recovery (TCVM).

## Finding a Qualified TCVM Practitioner

The Chi Institute, founded by Dr. Huisheng Xie, is the leading training institution for TCVM in the Western world. Veterinarians who have completed Chi Institute certification programs have undergone extensive training in TCVM theory, diagnosis, and treatment.

Other qualifications to look for include IVAS certification for acupuncture and membership in the AHVMA.

Our directory includes veterinarians across the country who practice TCVM. Search by your location and look for practitioners with TCVM, acupuncture, or Chinese herbal medicine listed among their specialties. Many TCVM practitioners also offer telehealth consultations for herbal medicine and food therapy.

TCVM offers a rich, time-tested approach to animal health care that can complement modern veterinary medicine beautifully. If you are looking for a deeper understanding of your pet's health and more treatment options, TCVM may be exactly what you are searching for.
",TCVM is a comprehensive healing system with five branches including acupuncture and herbal medicine. Learn how this ancient practice can benefit your pet's health.,Kevin Collins,2026-02-16,https://res.cloudinary.com/dnmrgvjdm/image/upload/v1771363633/TCVM_knczyf.png,"Learn about Traditional Chinese Veterinary Medicine (TCVM), its five branches, how diagnosis works, conditions treated, and how to find a certified practitioner.",Published,understanding-tcvm-traditional-chinese-veterinary-medicine,,,
Naturopathic Vet vs. Holistic Vet: Understanding the Differences,"If you have been researching alternative veterinary care for your pet, you have likely come across the terms ""naturopathic vet"" and ""holistic vet."" While these terms are sometimes used interchangeably, they actually represent somewhat different philosophies and approaches to animal health care. Understanding these differences can help you find the right practitioner for your pet.

## What Is a Holistic Veterinarian?

A holistic veterinarian is a licensed doctor of veterinary medicine (DVM) who practices integrative medicine—combining conventional veterinary care with complementary and alternative therapies. The term ""holistic"" refers to the philosophy of treating the whole animal rather than just addressing individual symptoms or diseases.

Holistic vets consider every aspect of an animal's health, including physical condition, diet, environment, emotional state, and lifestyle. They use this comprehensive assessment to develop treatment plans that may include both conventional and alternative approaches.

The range of therapies a holistic vet might offer is broad and can include:

- Acupuncture and Traditional Chinese Veterinary Medicine
- Chiropractic adjustments
- Herbal medicine (both Western and Chinese)
- Homeopathy
- Nutritional therapy and diet counseling
- Physical rehabilitation
- Laser therapy
- Massage therapy
- Energy healing modalities

Most holistic vets are true integrative practitioners. They may prescribe conventional medications when needed, recommend surgery when appropriate, and use diagnostic tools like blood work, X-rays, and ultrasound alongside their complementary therapies.

## What Is a Naturopathic Veterinarian?

Naturopathic veterinary medicine is a subset of holistic medicine that places particular emphasis on using natural substances and the body's inherent ability to heal itself. The core principles of naturopathic medicine include:

**The healing power of nature:** Naturopathic vets believe that the body has an inherent ability to heal when given the right support. Their role is to identify and remove obstacles to healing and to provide natural support for the body's recovery processes.

**First, do no harm:** Naturopathic practitioners prioritize the least invasive, most natural treatments available. They avoid suppressing symptoms and instead seek to address root causes.

**Treat the cause, not just the symptoms:** Rather than simply managing symptoms with medication, naturopathic vets work to identify and treat the underlying causes of disease.

**Prevention is the best medicine:** Naturopathic veterinary care places strong emphasis on preventing disease through proper nutrition, lifestyle, and environmental management.

A naturopathic vet typically focuses on therapies such as:

- Nutritional medicine and whole food diets
- Herbal and botanical medicine
- Homeopathy
- Hydrotherapy
- Detoxification protocols
- Lifestyle and environmental modifications
- Supplement therapy

## Key Differences Between the Two Approaches

While holistic and naturopathic veterinary care share many principles, there are some meaningful differences:

**Scope of practice:** Holistic veterinary medicine is a broader umbrella term that encompasses many different modalities, including some that are quite technical (such as acupuncture, chiropractic, and laser therapy). Naturopathic medicine tends to focus more specifically on natural substances and lifestyle-based interventions.

**Relationship with conventional medicine:** Holistic vets generally embrace a fully integrative approach, freely combining conventional and alternative therapies. Naturopathic vets, while not opposed to conventional medicine, tend to emphasize natural approaches first and may turn to conventional interventions only when natural methods are insufficient.

**Treatment philosophy:** Both approaches treat the whole animal, but naturopathic medicine places extra emphasis on the body's self-healing capacity and on removing obstacles to health. Holistic medicine may be more willing to intervene directly with treatments like acupuncture or chiropractic adjustments.

**Emphasis on diet and lifestyle:** While all holistic vets consider nutrition important, naturopathic practitioners often make diet and lifestyle the foundation of their treatment approach. They may spend more time on detailed nutritional counseling and environmental assessment.

## Where the Approaches Overlap

Despite their differences, naturopathic and holistic veterinary care overlap significantly:

- Both treat the whole animal, not just symptoms
- Both consider diet, environment, and emotional health
- Both seek to identify and address root causes of illness
- Both value natural and minimally invasive treatments
- Both practitioners are licensed veterinarians with additional specialized training
- Both can be part of an integrative care team alongside conventional veterinarians

In practice, many veterinarians who identify as ""holistic"" incorporate naturopathic principles into their approach, and many ""naturopathic"" vets use modalities commonly associated with holistic practice. The boundaries between these categories are fluid, and individual practitioners may draw from both traditions.

## Which Approach Is Right for Your Pet?

Choosing between a naturopathic and holistic vet depends on your pet's specific needs and your own health care philosophy:

**Consider a holistic vet if:**
- Your pet has a specific condition that might benefit from a targeted modality like acupuncture, chiropractic care, or laser therapy
- You want a practitioner who freely combines conventional and alternative treatments
- Your pet needs hands-on therapies for pain, mobility, or rehabilitation
- You are looking for a practitioner who offers a wide range of treatment options

**Consider a naturopathic vet if:**
- You prioritize natural, minimally invasive treatments
- Your pet's issues may be related to diet, environment, or lifestyle factors
- You are interested in a prevention-focused approach to your pet's health
- You want to explore nutritional therapy as a primary treatment strategy
- Your pet is sensitive to medications and you want to minimize pharmaceutical use

**Consider both approaches if:**
- Your pet has complex health issues that might benefit from multiple perspectives
- You want the most comprehensive evaluation of your pet's overall health
- You are open to exploring different treatment options to find what works best

## How Integrative Medicine Bridges Both Approaches

The growing field of integrative veterinary medicine brings together the best of all approaches—conventional, holistic, and naturopathic. Many modern practitioners do not limit themselves to a single philosophy but instead draw from whatever approach offers the best outcomes for each individual patient.

This integrative model recognizes that there is no single approach that works for every condition or every animal. A dog with a torn ligament may need surgery (conventional), acupuncture for pain management (holistic), and nutritional support for healing (naturopathic)—all working together as part of a coordinated treatment plan.

## Finding the Right Practitioner

When searching for a naturopathic or holistic vet near you, focus less on the label and more on the practitioner's actual skills, philosophy, and experience:

1. Review their training and certifications
2. Ask about their approach to treatment and how they integrate different modalities
3. Discuss your pet's specific needs and health goals
4. Evaluate whether their communication style and philosophy align with your values
5. Ask about their willingness to collaborate with your current conventional vet

Our directory includes holistic and integrative veterinarians across all 50 states who practice a variety of natural and complementary therapies. Use our search tools to find a practitioner near you and schedule a consultation to learn more about how they can support your pet's health.

The most important thing is not whether a practitioner calls themselves holistic or naturopathic, but whether they are qualified, compassionate, and committed to providing the best possible care for your pet.",Naturopathic and holistic veterinary care overlap in many ways but have distinct differences. Learn which approach might be best for your pet's health needs.,Kevin Collins,2026-02-06,https://res.cloudinary.com/dnmrgvjdm/image/upload/v1771362379/npath_dlai2f.png,"What is the difference between a naturopathic vet and a holistic vet? Learn about each approach, the treatments they offer, and which is right for your pet.",Published,naturopathic-vs-holistic-vet-differences,,,
Managing Rising Veterinary Costs: A Smart Two-Pronged Approach for Pet Owners,"As any devoted pet owner knows, our furry companions are cherished family members who deserve the best care possible. However, recent data reveals a concerning trend that's affecting pet owners across the country: veterinary costs are rising dramatically, and many families are struggling to keep up.

## The Rising Cost Crisis

According to the American Veterinary Medical Association (AVMA), the average veterinary visit now costs around $200 as of 2025, with dog owners paying slightly more at $220 compared to cat owners at $202. Even more alarming, a recent PetSmart Charities-Gallup study found that 52% of pet owners in the U.S. reported having skipped needed veterinary care in the past year due to financial barriers.

The impact of these rising costs is profound. Among those who declined recommended care, 14% report that their pet's condition worsened, or their pet died. Small animal veterinary clinics have experienced a decline in visits, and many pet owners are delaying routine checkups and preventive care to save money.

The financial strain isn't just anecdotal. The percentage of dog owners who said their pet ""did not need a checkup"" jumped from 12.3% in 2023 to 22.8% in 2024, while for cat owners, this figure increased from 17.4% to 31.1%. These statistics suggest that economic pressures are leading many pet owners to rationalize skipping essential veterinary care.

## Why Costs Are Climbing

Understanding why veterinary expenses continue to rise can help pet owners better plan for their pets' healthcare needs. Several factors contribute to increased costs: rising prices for medical supplies and pharmaceuticals, increased operational costs including utilities, and investments in new technologies that enable veterinarians to deliver advanced treatments.

Additionally, unlike human healthcare, veterinary care is largely paid for out-of-pocket, since only about 4% of U.S. pets are covered by insurance. This means pet owners bear the full brunt of inflation in veterinary services without the buffer that health insurance provides for human medical care.

## The Growing Role of Pet Insurance

Recognizing these challenges, more pet owners are turning to insurance as a financial safety net. The pet insurance industry has experienced explosive growth in recent years. In 2024, the U.S. pet insurance market surpassed $4.7 billion in gross written premiums, reflecting a 21.4% year-over-year increase from $3.9 billion in 2023.

Despite this growth, penetration rates remain relatively low. By the end of 2024, the U.S. market penetration rate reached only 3.9% of 163.6 million pets—5.5% for dogs and 2.0% for cats. This represents a significant opportunity for pet owners to protect themselves against unexpected veterinary expenses.

### The Insurance Advantage

Pet insurance can make a substantial difference when facing major medical decisions. Survey results showed that 64% of pet owners said payment plans would have potentially doubled the amount they could afford to pay for life-saving veterinary care, but only 23% were offered the option. Insurance addresses this gap by providing upfront coverage for eligible expenses.

Research shows that insured pet owners are more likely to seek necessary veterinary care. When you have coverage in place, you're less likely to delay treatment due to cost concerns, which can prevent minor issues from becoming major health crises.

For those considering pet insurance, experts recommend exploring options proactively—before you face major medical expenses. Various plans are available, from basic accident coverage to comprehensive policies that include illness, preventive care, and wellness benefits. The key is finding coverage that fits both your pet's needs and your budget.

## The Power of Preventive Nutrition

While insurance provides crucial financial protection, another powerful strategy for reducing veterinary costs is investing in your pet's nutrition and preventive care. Quality nutrition isn't just about keeping your pet fed—it's about supporting their overall health and potentially preventing costly medical issues down the road.

### Natural Anti-Inflammatories: Turmeric for Dogs

One increasingly popular supplement among holistic veterinarians and pet owners is turmeric. According to PetMD, turmeric is one of the most popular natural anti-inflammatories for dogs. This golden spice contains curcumin, a compound known for its powerful anti-inflammatory and antioxidant properties.

Chronic inflammation is linked to numerous health issues in dogs, including arthritis, digestive problems, and even some cancers. Holistic veterinarians often recommend incorporating natural anti-inflammatory supplements like turmeric into your pet's diet as part of an integrative wellness approach. Working with a holistic vet can help you determine the right dosage and formulation for your pet's specific needs, ensuring safe and effective use.

This is an excellent example of how holistic and conventional veterinary medicine can work together. Your conventional veterinarian can diagnose and monitor conditions, while a holistic practitioner can provide complementary natural therapies that may help reduce inflammation and potentially prevent conditions that would require expensive medical interventions.

Another powerful natural anti-inflammatory is Omega-3 fatty acids, particularly EPA and DHA found in fish oil. Omega-3s support joint health, promote healthy skin and coat, and have been shown to help manage inflammatory conditions like allergies and arthritis in dogs. Many holistic veterinarians recommend high-quality fish oil supplements as part of a comprehensive wellness plan, especially for aging pets or breeds prone to joint issues.

### The Preventive Care Payoff

One of the most effective ways to reduce future medical costs is through regular preventive care, including routine check-ups, parasite control, and healthy weight management. These measures help pets stay well and allow veterinarians to detect problems early—before they become more serious and costly.

Many pet owners are discovering the benefits of integrative veterinary care, where holistic veterinarians work alongside conventional practitioners to provide comprehensive wellness strategies. Holistic vets often emphasize nutrition, natural supplements, and preventive approaches that can reduce the need for more invasive treatments down the road.

Quality nutrition plays a central role in preventive care. A well-balanced diet appropriate for your pet's age, breed, and health status can:

- Support a healthy immune system
- Maintain optimal weight and reduce obesity-related health issues
- Promote healthy skin and coat
- Support digestive health
- Contribute to dental health
- Provide essential nutrients for organ function

Working with both your conventional and holistic veterinarian to develop a nutrition plan tailored to your pet's specific needs is an investment that can pay dividends in reduced healthcare costs over your pet's lifetime. Holistic veterinarians are particularly skilled at identifying nutritional imbalances and recommending whole-food diets, supplements, and herbal remedies that support overall wellness.

## The Integrative Approach: Combining Conventional and Holistic Care

One of the most powerful strategies for managing pet healthcare costs while optimizing wellness is embracing an integrative veterinary approach. This means working with both conventional veterinarians and holistic practitioners who collaborate to provide comprehensive care for your pet.

### How Holistic Veterinarians Complement Conventional Care

Holistic veterinarians use a wide range of natural therapies alongside conventional medicine, including:

- **Nutritional counseling and whole-food diets** tailored to your pet's specific health needs
- **Herbal medicine** to support various body systems and address chronic conditions
- **Acupuncture** for pain management, mobility issues, and overall wellness
- **Chiropractic care** to maintain proper alignment and nervous system function
- **Homeopathy** for gentle, individualized treatment approaches
- **Traditional Chinese Veterinary Medicine (TCVM)** for holistic health assessment and treatment

Many holistic veterinarians work collaboratively with conventional vets, ensuring your pet receives the best of both worlds. For example, your conventional vet might diagnose arthritis through X-rays and blood work, while your holistic vet develops a treatment plan incorporating acupuncture, anti-inflammatory herbs like turmeric, and dietary modifications to manage the condition naturally—potentially reducing or delaying the need for expensive medications or surgery.

### The Cost Benefits of Holistic Care

While some pet owners worry that adding holistic care means adding costs, the opposite is often true. By focusing on prevention and addressing the root causes of health issues, holistic veterinary medicine can help you avoid costly emergency visits and chronic medication expenses. Natural therapies often have fewer side effects than pharmaceuticals, reducing the need for additional medications to manage side effects.

Furthermore, holistic veterinarians often spend more time on comprehensive wellness planning, helping you understand how diet, environment, and lifestyle factors contribute to your pet's health. This education empowers you to make better daily choices that keep your pet healthier long-term.

## A Comprehensive Strategy for Pet Health

The reality is that managing pet healthcare costs in today's economic climate requires a proactive, multi-faceted approach. Waiting until your pet is sick to think about care options can leave you facing difficult decisions under financial pressure.

### Your Action Plan

Here's how to implement a comprehensive strategy:

**1. Invest in Quality Nutrition**
- Feed a high-quality diet appropriate for your pet's life stage
- Consider beneficial supplements like turmeric (under veterinary guidance)
- Maintain a healthy weight through proper portion control
- Provide fresh, clean water at all times

**2. Prioritize Preventive Care**
- Schedule regular veterinary check-ups with your conventional vet
- Consider partnering with a holistic veterinarian for integrative wellness strategies
- Maintain parasite prevention year-round
- Address dental health proactively
- Explore natural preventive therapies like herbal supplements and acupuncture

**3. Secure Financial Protection**
- Research pet insurance options before you need them
- Compare policies to find coverage that matches your needs
- Consider starting coverage while your pet is young and healthy
- Look into wellness plans offered by veterinary practices
- Establish a dedicated pet emergency savings fund

**4. Communicate with Your Veterinary Team**
- Be upfront about your budget concerns with both conventional and holistic practitioners
- Ask about payment plans or alternative treatment options when needed
- Inquire about preventive measures specific to your pet's breed or age
- Don't skip appointments to save money—early detection saves costs
- Ask your holistic veterinarian about natural alternatives that may complement conventional treatments

## The Bottom Line

Rising veterinary costs are a real challenge, but they don't have to mean compromising on your pet's health. AVMA Chief Economist Katelyn McCullock notes that ""As financial pressures increase for many clients, veterinarians can support them by continuing to be intentional about care, options, cost conversations, and collaborating with clients to develop personalized care plans"".

A comprehensive approach—combining quality nutritional support, holistic veterinary care, and financial protection through insurance—provides both prevention and peace of mind. By investing in your pet's nutrition and wellness today with guidance from holistic veterinarians, you can help prevent costly health issues tomorrow. And by securing appropriate insurance coverage, you ensure that when unexpected medical needs arise, financial constraints won't stand between your beloved companion and the care they need.

The integrative approach to pet care—where conventional and holistic veterinarians work together—offers the most complete path to wellness. Conventional veterinarians provide essential diagnostics, emergency care, and surgical expertise, while holistic practitioners offer natural therapies, preventive strategies, and whole-animal wellness planning. Together, they create a care team that addresses both immediate health concerns and long-term vitality.

Your pet depends on you for their health and wellbeing. By taking proactive steps now—choosing quality nutrition, working with holistic veterinarians, considering natural supplements like turmeric for inflammation support, maintaining preventive care with your conventional vet, and securing insurance coverage—you're not just managing costs. You're investing in more healthy, happy years with your cherished family member.

---

*Ready to find a holistic veterinarian in your area? Visit [Holistic Vet Directory](https://holisticvetdirectory.com) to connect with integrative veterinary care providers who can partner with your conventional vet to create a comprehensive wellness plan for your pet. Our directory makes it easy to find qualified holistic practitioners who offer acupuncture, herbal medicine, nutritional counseling, and other natural therapies to support your pet's health and help you manage veterinary costs effectively.*
","With 52% of pet owners skipping needed veterinary care due to rising costs, learn how a two-pronged approach combining quality nutrition and pet insurance can help you maintain your pet's health while managing expenses. Discover the latest AVMA data on veterinary costs and practical strategies including natural anti-inflammatories like turmeric.",Kevin Collins,2026-02-04,https://res.cloudinary.com/dnmrgvjdm/image/upload/v1771347405/SocksPool_xufoej.png,"Vet costs up, pet care down. 52% of owners are skipping needed care. Learn the two-pronged approach to keeping your furry friend healthy without breaking the bank. #PetHealth #HolisticVet

SEO KEYWORDS:
- rising veterinary costs
- pet insurance benefits
- managing pet healthcare costs
- turmeric for dogs
- natural anti-inflammatories pets
- AVMA veterinary data
- pet health insurance
- preventive pet care
- holistic pet nutrition
- affordable veterinary care",Published,managing-rising-veterinary-costs-insurance-nutrition,,,
How to Find the Best Holistic Vet Near You: A Complete Guide,"If you have been searching for a ""holistic vet near me,"" you are not alone. More pet owners than ever are seeking veterinarians who offer a whole-body approach to animal health care. Whether your pet is dealing with a chronic condition, you want to explore natural treatment options, or you simply believe in a more comprehensive approach to wellness, finding the right holistic veterinarian is an important decision.

But with so many practitioners and modalities to choose from, how do you find the best holistic vet for your pet? This guide walks you through everything you need to know.

## What Makes a Veterinarian ""Holistic""?

A holistic veterinarian is a fully licensed doctor of veterinary medicine (DVM) who has pursued additional training in one or more complementary therapies. These may include acupuncture, herbal medicine, chiropractic care, homeopathy, nutritional therapy, or Traditional Chinese Veterinary Medicine (TCVM).

The key difference is their approach. While a conventional vet focuses primarily on diagnosing and treating specific diseases or symptoms, a holistic vet considers the whole animal. They look at diet, environment, emotional health, lifestyle, and the relationships between all of these factors when developing a treatment plan.

It is important to understand that most holistic vets practice integrative medicine. They do not reject conventional treatments. Instead, they combine the best of both worlds to give your pet the most comprehensive care possible.

## Certifications to Look For

One of the most reliable ways to evaluate a holistic vet is by checking their certifications. Several professional organizations provide rigorous training and certification programs:

**AHVMA (American Holistic Veterinary Medical Association):** Membership in the AHVMA indicates that a veterinarian is committed to holistic and integrative practice. The AHVMA is the leading professional organization for holistic vets in the United States.

**IVAS (International Veterinary Acupuncture Society):** IVAS certification requires extensive training in veterinary acupuncture, including both didactic coursework and hands-on clinical experience. An IVAS-certified vet has demonstrated competency in acupuncture techniques.

**Chi Institute:** The Chi Institute is one of the most respected training programs for Traditional Chinese Veterinary Medicine. Certification from the Chi Institute indicates advanced training in acupuncture, Chinese herbal medicine, food therapy, and Tui-na massage.

**AVCA (American Veterinary Chiropractic Association):** AVCA certification is the gold standard for animal chiropractic care. Certified practitioners have completed a rigorous program of study and passed comprehensive examinations.

**VBMA (Veterinary Botanical Medicine Association):** The VBMA focuses specifically on herbal and botanical medicine for animals. Members have specialized knowledge in plant-based treatments.

When evaluating a holistic vet, look for one or more of these certifications. They demonstrate that the practitioner has invested significant time and effort in learning complementary therapies beyond their standard veterinary degree.

## Questions to Ask During Your First Visit

Before committing to a holistic veterinarian, schedule a consultation and come prepared with questions. Here are some important ones to consider:

**About their training and experience:**
- What additional certifications do you hold beyond your DVM?
- How long have you been practicing integrative medicine?
- What modalities do you specialize in?
- Do you attend continuing education in holistic medicine?

**About their approach:**
- How do you combine conventional and holistic treatments?
- Will you work with my current conventional vet if needed?
- How do you determine which treatment approach is best for my pet?
- What conditions do you see the best results treating holistically?

**About practical matters:**
- What does a typical first visit look like, and how long does it last?
- What are your fees for different types of treatments?
- How many sessions are typically needed for my pet's condition?
- Do you offer telehealth consultations?

A good holistic vet will be happy to answer these questions openly and honestly. They should be transparent about what holistic medicine can and cannot do, and they should never discourage you from seeking conventional care when it is appropriate.

## Red Flags to Watch For

While most holistic veterinarians are highly qualified and dedicated professionals, there are some warning signs to be aware of:

- **No veterinary license:** A holistic practitioner who treats animals must be a licensed veterinarian. Be wary of anyone offering animal treatment without a DVM or equivalent degree.
- **Guaranteed cures:** No responsible veterinarian, holistic or otherwise, should guarantee specific outcomes. Be cautious of claims that sound too good to be true.
- **Discouraging conventional care:** A reputable holistic vet will recognize when conventional treatment is necessary, especially in emergencies or acute conditions. If a practitioner tells you to stop all conventional medications without proper evaluation, seek a second opinion.
- **No willingness to collaborate:** The best holistic vets are happy to work with your conventional veterinarian as part of a comprehensive care team.
- **Lack of proper certifications:** While not every modality has a formal certification, vets who practice specific techniques like acupuncture or chiropractic should have relevant credentials.

## How to Search Our Directory

Finding a holistic vet near you is straightforward with our directory:

1. **Search by location:** Enter your city, state, or ZIP code on our homepage to find practitioners in your area.
2. **Filter by specialty:** If you know which modality you are interested in, browse our specialty pages to find vets with specific training.
3. **Review practice details:** Each listing includes the practice's specialties, species treated, contact information, and a description of their approach.
4. **Check credentials:** Look for the certification badges on each listing to verify the practitioner's qualifications.
5. **Reach out directly:** Contact practices that interest you to schedule a consultation.

## Making Your Decision

Finding the best holistic vet is ultimately about finding the right fit for you and your pet. Consider these factors:

- **Convenience:** Is the practice within a reasonable distance? Do they offer hours that work with your schedule?
- **Specialties:** Does the vet offer the specific modalities that might benefit your pet's condition?
- **Communication:** Did you feel heard and respected during your consultation? Did the vet take time to explain their approach?
- **Philosophy:** Does the vet's approach align with your values and goals for your pet's health?
- **Species experience:** Does the vet have experience treating your type of animal?

Remember, it is perfectly acceptable to visit more than one holistic vet before making your decision. The relationship between you, your pet, and your veterinarian is an important one, and it is worth taking the time to find the right match.

## The Growing Demand for Holistic Veterinary Care

The interest in holistic and integrative veterinary medicine has grown significantly in recent years. Pet owners are increasingly aware that conventional medicine, while powerful, does not always have all the answers—particularly for chronic conditions, age-related issues, and quality-of-life concerns.

Holistic veterinary care offers additional tools and perspectives that can make a real difference in your pet's health and happiness. By taking the time to find a qualified, compassionate holistic vet, you are investing in a more complete approach to your pet's well-being.

Start your search today using our directory, and take the first step toward a more integrative approach to your pet's health care.",Finding a qualified holistic veterinarian can feel overwhelming. This complete guide walks you through everything you need to know to find the right practitioner for your pet.,Kevin Collins,2026-02-01,https://res.cloudinary.com/dnmrgvjdm/image/upload/v1771348416/MonitorHolisticVet_fhx0ev.png,"Learn how to find the best holistic vet near you. Our complete guide covers what to look for, questions to ask, certifications to check, and red flags to avoid.",Published,how-to-find-best-holistic-vet-near-you,,,
10 Signs Your Pet Could Benefit from Integrative Veterinary Care,"Conventional veterinary medicine is excellent at many things—emergency care, surgical interventions, diagnostic testing, and treating acute illnesses. But sometimes, despite your regular vet's best efforts, your pet may continue to struggle with health issues that do not fully resolve with standard treatment.

This is where integrative veterinary care can make a meaningful difference. By combining conventional medicine with holistic modalities like acupuncture, herbal medicine, chiropractic care, and nutritional therapy, integrative vets offer additional tools that may help where conventional treatment alone falls short.

Here are ten signs that your pet might benefit from an integrative approach.

## 1. Chronic Pain That Is Not Fully Managed

If your pet is dealing with ongoing pain from arthritis, hip dysplasia, intervertebral disc disease, or other conditions, and medications are not providing adequate relief—or are causing unwanted side effects—integrative care offers additional options. Acupuncture, laser therapy, and chiropractic adjustments have all shown effectiveness in managing chronic pain in animals, often allowing for reduced reliance on pain medications.

## 2. Recurring Infections or Illnesses

Does your pet seem to get the same infections over and over? Recurring ear infections, urinary tract infections, skin infections, or respiratory issues can indicate an underlying imbalance that antibiotics alone cannot address. A holistic vet will look beyond the immediate infection to identify contributing factors such as diet, immune function, allergies, or environmental triggers.

## 3. Anxiety and Behavioral Issues

Pets who suffer from separation anxiety, noise phobias, aggression, compulsive behaviors, or general nervousness may benefit from integrative approaches. Acupuncture, herbal remedies, homeopathy, and nutritional adjustments can help address anxiety from a physiological perspective, often complementing behavioral training more effectively than medication alone.

## 4. Digestive Problems

Chronic vomiting, diarrhea, constipation, gas, or poor appetite that persists despite conventional treatment is a strong indicator that your pet could benefit from a holistic evaluation. Integrative vets often focus heavily on diet and gut health, using nutritional therapy, probiotics, digestive enzymes, and herbal support to restore healthy digestion from the inside out.

## 5. Skin Conditions and Allergies

Itching, hot spots, hair loss, chronic ear problems, and skin rashes are among the most common reasons pet owners seek holistic care. Conventional treatment often involves steroids or other immunosuppressive medications that manage symptoms but do not address the underlying cause. Integrative vets may use elimination diets, herbal medicine, acupuncture, and nutritional supplements to address the root causes of allergic responses.

## 6. Decreased Mobility or Stiffness

If your pet is slowing down, having difficulty getting up, reluctant to jump or climb stairs, or showing signs of stiffness, integrative care can help. Chiropractic adjustments, acupuncture, physical rehabilitation, laser therapy, and targeted nutritional supplements can improve mobility and comfort, particularly in aging pets. These therapies can be used alongside conventional pain management for a more comprehensive approach.

## 7. Cancer Diagnosis or Treatment Support

A cancer diagnosis is devastating, and many pet owners look for ways to support their pet beyond conventional chemotherapy or radiation. Integrative vets can provide complementary support such as nutritional therapy to maintain strength, acupuncture to manage pain and nausea from treatment, herbal medicine to support immune function, and overall quality-of-life care. Holistic support does not replace oncology care but can work alongside it to help your pet feel better during treatment.

## 8. Your Senior Pet Needs Quality-of-Life Support

Aging pets often develop multiple health issues simultaneously—arthritis, cognitive decline, organ function changes, decreased appetite, and reduced energy. Managing all of these with conventional medications alone can mean a complicated medication schedule with potential drug interactions. Integrative care offers gentler options that can address multiple concerns simultaneously, helping senior pets maintain comfort, mobility, and quality of life in their later years.

## 9. Your Pet Is Sensitive to Medications

Some pets experience significant side effects from conventional medications, including gastrointestinal upset, liver or kidney stress, lethargy, or behavioral changes. If your pet does not tolerate standard medications well, integrative therapies may provide effective alternatives with fewer side effects. This is one of the most common reasons pet owners first seek holistic veterinary care.

## 10. You Want a Prevention-Focused Approach

You do not have to wait until your pet is sick to benefit from integrative care. Many holistic vets excel at preventive wellness—optimizing diet, identifying early signs of imbalance, supporting immune health, and creating lifestyle plans that help prevent disease before it starts. Regular wellness visits with an integrative vet can be an investment in your pet's long-term health.

## When Conventional Care Is Still Essential

It is important to recognize that integrative care complements rather than replaces conventional veterinary medicine. There are situations where conventional care is clearly the first priority:

- **Emergencies:** Trauma, poisoning, severe allergic reactions, bloat, and other acute emergencies require immediate conventional veterinary care.
- **Acute infections:** Serious bacterial infections may require antibiotics as a first-line treatment.
- **Surgical conditions:** Conditions requiring surgery, such as foreign body ingestion, tumor removal, or fracture repair, need conventional surgical intervention.
- **Diagnostic workups:** Blood work, imaging, and other diagnostic tools from conventional medicine are essential for understanding your pet's health status.

A good integrative vet will always recommend conventional care when it is the most appropriate option for your pet.

## Taking the Next Step

If you recognized your pet in one or more of these signs, exploring integrative veterinary care could be a worthwhile next step. Start by finding a qualified holistic or integrative veterinarian in your area using our directory. Schedule a consultation to discuss your pet's health concerns and learn what treatment options are available.

Many pet owners who make the switch to integrative care wish they had done it sooner. Your pet deserves every tool available for their health and happiness, and integrative veterinary medicine may provide the missing piece that makes a real difference.",Not sure if holistic vet care is right for your pet? These 10 signs suggest your pet could benefit from an integrative approach to health and wellness.,Kevin Collins,2026-02-01,https://media.istockphoto.com/id/1297088787/photo/paw-to-hand-we-are-best-friends.jpg?b=1&s=170x170&k=20&c=AZ3jOkug0GebM_GT8hz6D5JhTwuZwFapGBhMVIkhGjk=,"Is your pet struggling with chronic pain, allergies, or anxiety? Here are 10 signs that integrative veterinary care could improve your pet's health and quality of life.",Published,10-signs-pet-needs-integrative-veterinary-care,,,
What Is Holistic Veterinary Medicine?,"Holistic veterinary medicine has moved from the margins of animal health care to an increasingly mainstream option for pet owners across the United States. But despite its growing popularity, many people are still unsure about what holistic veterinary medicine actually involves, how it differs from conventional care, and whether it is a legitimate approach to their pet's health.

This comprehensive guide explains what holistic veterinary medicine is, how practitioners are trained, the major treatment modalities, and why more pet owners than ever are seeking integrative care for their animals.

## Defining Holistic Veterinary Medicine

At its core, holistic veterinary medicine is a philosophy of care that treats the whole animal rather than focusing solely on individual symptoms or diseases. The word ""holistic"" comes from the Greek word ""holos,"" meaning whole or complete.

A holistic veterinarian considers every factor that contributes to an animal's health: physical condition, diet and nutrition, emotional and mental state, environment, lifestyle, genetics, and the relationships between all of these elements. Treatment plans are designed to address root causes of illness rather than simply suppressing symptoms, and they aim to support the body's natural ability to heal and maintain balance.

Most holistic veterinarians practice what is more accurately called integrative medicine—they do not reject conventional veterinary science but rather expand upon it by incorporating complementary therapies that offer additional tools for healing.

## History and Origins

Holistic approaches to animal care are not new. Traditional Chinese Veterinary Medicine has been practiced for over 3,000 years. Herbal medicine for animals has ancient roots in cultures around the world. Homeopathic veterinary practice dates back to the 1800s.

What is relatively new is the organized professional movement to integrate these approaches with modern veterinary medicine. The American Holistic Veterinary Medical Association (AHVMA) was founded in 1982, and since then, the field has grown substantially. Training programs have become more rigorous, research has expanded, and professional standards have been established.

Today, holistic veterinary medicine is practiced by thousands of licensed veterinarians across the country, and many veterinary schools now include coursework on complementary and integrative therapies.

## Core Philosophy

Several key principles distinguish holistic veterinary medicine from a purely conventional approach:

**Treat the whole animal:** Rather than focusing narrowly on one symptom or disease, holistic vets assess the entire animal—their physical health, emotional state, diet, environment, and lifestyle. This comprehensive view often reveals connections between seemingly unrelated symptoms.

**Seek root causes:** Holistic medicine asks ""why"" a disease has developed, not just ""what"" disease is present. By identifying and addressing the underlying causes of illness—such as dietary deficiencies, environmental toxins, chronic stress, or immune dysfunction—holistic vets aim to create lasting health improvements rather than temporary symptom relief.

**Support natural healing:** The body has remarkable self-healing abilities. Holistic veterinary medicine aims to support and enhance these natural processes rather than override them with aggressive interventions whenever possible.

**Minimize harm:** Holistic practitioners seek the least invasive, most natural treatment that will be effective for each condition. This does not mean avoiding conventional treatments when they are needed—it means thoughtfully choosing the best approach for each individual situation.

**Individualized care:** Two animals with the same diagnosis may receive very different treatment plans based on their unique constitution, temperament, lifestyle, and health history. This personalized approach is a hallmark of holistic medicine.

## How Holistic Vets Are Trained

This is an important point that addresses one of the most common misconceptions about holistic veterinary medicine. Holistic veterinarians are, first and foremost, fully trained and licensed doctors of veterinary medicine (DVM or VMD). They complete the same rigorous four-year veterinary medical program as any conventional vet, following an undergraduate degree.

After earning their veterinary degree, holistic vets pursue additional specialized training in one or more complementary modalities. This additional training is substantial:

- **Veterinary acupuncture certification** through IVAS requires over 100 hours of training plus examination
- **Chi Institute TCVM certification** involves multiple levels of training spanning years
- **AVCA animal chiropractic certification** requires 210+ hours of coursework and examinations
- **Veterinary botanical medicine** programs through organizations like VBMA require extensive study of plant-based therapeutics
- **Homeopathy training** through the Academy of Veterinary Homeopathy involves advanced courses in homeopathic philosophy and practice

Many holistic vets hold certifications in multiple modalities, representing hundreds or even thousands of hours of additional training beyond their veterinary degree.

## Major Treatment Modalities

Holistic veterinary medicine encompasses a range of treatment approaches:

**Acupuncture** uses thin needles at specific body points to stimulate healing, relieve pain, and restore balance. It is one of the most well-researched and widely accepted holistic modalities, with growing evidence supporting its effectiveness for pain, neurological conditions, and gastrointestinal disorders.

**Traditional Chinese Veterinary Medicine (TCVM)** is a comprehensive system that includes acupuncture, Chinese herbal medicine, food therapy, and Tui-na massage. TCVM uses a unique diagnostic framework to identify patterns of imbalance and develops individualized treatment plans.

**Chiropractic care** focuses on spinal and joint alignment to optimize nerve function, reduce pain, and improve mobility. It is particularly valuable for animals with back problems, gait abnormalities, and musculoskeletal conditions.

**Herbal medicine** uses plant-based treatments from both Western and Chinese traditions to address a wide range of conditions. Herbal formulas can provide anti-inflammatory, immune-supporting, digestive, and many other therapeutic effects.

**Homeopathy** uses highly diluted natural substances to stimulate the body's healing response. Treatment is highly individualized based on the totality of the animal's symptoms.

**Nutritional therapy** uses targeted dietary strategies and supplements to prevent and treat disease. This includes whole food nutrition, therapeutic diets, and supplement protocols designed for specific health conditions.

**Physical rehabilitation** includes therapeutic exercises, hydrotherapy, massage, and other hands-on therapies to restore function, build strength, and manage pain.

**Laser therapy** uses focused light energy to reduce inflammation, relieve pain, and accelerate tissue healing. It has become one of the fastest-growing modalities in both conventional and holistic veterinary practice.

## Professional Organizations

Several organizations establish standards, provide training, and support holistic veterinary practitioners:

- **AHVMA** (American Holistic Veterinary Medical Association): The primary professional organization for holistic vets, promoting integrative approaches to animal care
- **IVAS** (International Veterinary Acupuncture Society): The leading certification body for veterinary acupuncture
- **AVCA** (American Veterinary Chiropractic Association): The gold standard for animal chiropractic certification
- **Chi Institute**: The premier training institution for Traditional Chinese Veterinary Medicine
- **VBMA** (Veterinary Botanical Medicine Association): Focused on herbal and botanical veterinary medicine

## Common Misconceptions

**""Holistic vets are not real vets.""** False. Holistic veterinarians hold the same DVM or VMD degree as any conventional vet, plus additional specialized training.

**""Holistic medicine rejects conventional treatment.""** False. Most holistic vets practice integrative medicine, combining conventional and complementary approaches for the best outcomes.

**""There is no scientific evidence for holistic treatments.""** Partially false. While research varies by modality, acupuncture, laser therapy, nutritional therapy, and other holistic approaches have growing bodies of scientific evidence supporting their use. Research continues to expand.

**""Holistic care is only for minor problems.""** False. Holistic modalities are used to address serious conditions including chronic pain, neurological disease, cancer support, organ disease, and post-surgical recovery.

## The Growing Demand for Integrative Pet Care

The demand for holistic veterinary medicine is growing for several reasons. Pet owners are increasingly informed about health care options and want the same integrative approach for their animals that many seek for themselves. The limitations of conventional approaches for chronic conditions have become apparent, particularly as pets live longer. And the desire to minimize pharmaceutical use while maximizing quality of life resonates with many modern pet owners.

If you are interested in exploring holistic veterinary medicine for your pet, our directory connects you with qualified practitioners across all 50 states. Whether you are looking for acupuncture, herbal medicine, chiropractic care, nutritional therapy, or comprehensive integrative care, you can find a holistic vet near you who is ready to help.","Holistic veterinary medicine combines conventional care with natural therapies to treat the whole animal. Learn about the philosophy, modalities, and growing demand for integrative pet care.",Kevin Collins,2026-02-01,https://media.istockphoto.com/id/149103810/photo/massage.jpg?b=1&s=170x170&k=20&c=FZ9tg5BjYKdhcF_PfG_CMUDfWbQy7ERVV1udnzl-DDM=,"What is holistic veterinary medicine? Learn how it works, the major treatment modalities, how holistic vets are trained, and why demand for integrative pet care is growing.",Published,what-is-holistic-veterinary-medicine,,,
When to Consider a Holistic Vet for Your Pet,"Many pet owners come to holistic veterinary medicine at a turning point. Maybe conventional treatments are not working as well as hoped. Maybe the side effects of medications are becoming a concern. Maybe you want a more comprehensive approach to your aging pet's care. Or perhaps you are simply curious about what integrative medicine has to offer.

Whatever your starting point, knowing when holistic care is most likely to make a meaningful difference can help you decide whether it is the right step for you and your pet.

## Chronic Conditions That Are Not Fully Managed

One of the most common reasons pet owners seek holistic care is when a chronic condition persists despite conventional treatment. This does not mean conventional medicine has failed—it means that the condition may benefit from additional therapeutic approaches.

Conditions that often respond well to integrative treatment include chronic arthritis and pain, inflammatory bowel disease, recurring skin allergies and ear infections, chronic urinary issues, and autoimmune disorders. A holistic vet can add modalities like acupuncture, herbal medicine, or nutritional therapy that work alongside conventional treatments to provide better symptom management and address underlying causes.

If your pet has been on medications for months or years with only partial improvement, or if you find yourself at the vet repeatedly for the same issue, integrative care may offer new solutions.

## Your Senior Pet Needs Quality-of-Life Support

Aging brings a host of health challenges for pets. Arthritis stiffness, cognitive decline, decreased appetite, organ function changes, reduced energy, and mobility issues are common in senior dogs and cats. Managing all of these with conventional medications alone can mean a complicated medication schedule with potential drug interactions and side effects.

Holistic modalities offer gentler options that can address multiple concerns simultaneously. Acupuncture can manage pain while also improving appetite and energy. Nutritional therapy can support organ function while maintaining muscle mass. Chiropractic care can improve mobility without adding another medication to the mix.

Many pet owners find that integrative care makes the biggest difference during their pet's senior years, helping maintain comfort, dignity, and quality of life when it matters most.

## Your Pet Has Multiple Health Issues

When a pet has several health conditions at once—which is common in older animals—the conventional approach of treating each condition separately with its own medication can become complicated. Drug interactions, overlapping side effects, and the stress of administering multiple medications daily can diminish both your pet's quality of life and your own.

Holistic modalities often address multiple systems simultaneously. A single acupuncture session can address pain, digestive function, and anxiety all at once. Nutritional therapy supports whole-body health rather than targeting a single condition. This integrated approach can simplify your pet's care while potentially improving outcomes across the board.

## Recurring Problems Keep Coming Back

If your pet experiences the same problems over and over despite treatment—recurring ear infections, seasonal allergies that worsen each year, repeated urinary tract infections, or chronic digestive flare-ups—it may indicate that the underlying cause has not been addressed.

Conventional treatment often focuses on resolving the immediate problem. Antibiotics clear the infection. Steroids calm the allergic reaction. Anti-nausea medication stops the vomiting. But if the root cause remains, the problem returns.

Holistic vets are trained to look deeper. They ask why the infections keep happening, what is driving the allergic response, and what systemic imbalances might be creating the conditions for disease to recur. By addressing these root causes—often through dietary changes, immune support, and lifestyle modifications—the cycle of recurrence can sometimes be broken.

## Your Pet Is Sensitive to Medications

Some pets experience significant side effects from conventional medications. Gastrointestinal upset, liver enzyme elevations, kidney stress, lethargy, appetite changes, and behavioral alterations are all possible reactions to commonly prescribed drugs.

If your pet does not tolerate certain medications well, holistic therapies may provide effective alternatives with fewer side effects. Acupuncture for pain management instead of NSAIDs, herbal medicine instead of synthetic drugs, or nutritional therapy instead of pharmaceutical interventions can be gentler on your pet's system while still providing therapeutic benefit.

This is one of the most common reasons pet owners first explore holistic options, and many find that their pets do remarkably well with natural approaches.

## Cancer Diagnosis and Treatment Support

A cancer diagnosis is one of the most difficult experiences a pet owner can face. While conventional oncology—surgery, chemotherapy, and radiation—forms the backbone of cancer treatment, holistic modalities can provide valuable complementary support.

Acupuncture can help manage pain and reduce nausea from chemotherapy. Nutritional therapy can maintain strength and support immune function. Herbal medicine may provide additional anti-inflammatory and immune-modulating benefits. Many oncologists now work collaboratively with holistic practitioners to provide comprehensive cancer care.

Holistic support during cancer treatment is not about replacing oncology. It is about giving your pet every advantage for comfort, strength, and quality of life during a challenging time.

## Anxiety and Behavioral Issues

Pets with anxiety, fear, aggression, compulsive behaviors, or other behavioral challenges often benefit from a holistic approach. While behavioral training is essential, many behavioral issues have physiological components that can be addressed through integrative medicine.

Acupuncture and herbal medicine can help regulate the nervous system without the sedating effects of some pharmaceutical options. Nutritional therapy can address gut-brain connections that influence mood and behavior. TCVM can identify constitutional patterns that predispose to anxiety and provide targeted treatment.

For pets whose behavioral issues have not fully responded to medication or training alone, adding holistic modalities can provide a meaningful breakthrough.

## You Want Prevention, Not Just Treatment

You do not need to wait until your pet is sick to benefit from holistic veterinary care. Many pet owners seek integrative practitioners specifically for wellness and prevention.

A holistic wellness approach might include optimizing your pet's diet for their specific needs, using targeted supplements to support organ health and immune function, regular acupuncture or chiropractic sessions to maintain structural health, and lifestyle recommendations that reduce disease risk.

Prevention-focused holistic care is an investment that can pay dividends throughout your pet's life by helping them stay healthier and potentially avoiding costly health crises.

## When Conventional Care Is Essential

While holistic medicine offers many benefits, there are situations where conventional veterinary care should always be your first call:

**Emergencies:** Trauma, poisoning, bloat, difficulty breathing, severe bleeding, seizures, and other acute emergencies require immediate conventional veterinary care. Do not delay emergency treatment to seek holistic alternatives.

**Acute infections:** Serious bacterial, viral, or parasitic infections often require conventional medications such as antibiotics, antivirals, or antiparasitics as first-line treatment.

**Surgical conditions:** Foreign body ingestion, internal bleeding, tumor removal, fracture repair, and other surgical conditions require conventional surgical intervention.

**Diagnostic workups:** Blood work, imaging, biopsies, and other conventional diagnostic tools are essential for accurately understanding what is happening with your pet's health.

A responsible holistic vet will always recommend conventional care when it is the most appropriate option.

## Making the Transition

If you have decided to explore holistic care for your pet, here are some practical steps:

1. **Find a qualified practitioner** using our directory. Look for certifications from recognized organizations like AHVMA, IVAS, Chi Institute, or AVCA.
2. **Schedule a consultation** and bring your pet's complete medical records.
3. **Keep your conventional vet informed.** The best outcomes come from collaborative care where all of your pet's practitioners are communicating.
4. **Be patient.** Holistic treatments often work gradually, building improvement over time rather than providing instant results.
5. **Stay engaged.** Holistic care often involves active participation from pet owners through dietary changes, home exercises, or supplement administration.

The decision to explore holistic veterinary care is a positive step toward a more comprehensive approach to your pet's health. Whether you are seeking solutions for a specific problem or investing in long-term wellness, integrative medicine offers tools and perspectives that can make a real difference in your pet's life.
","From chronic conditions to senior pet care, there are many situations where holistic veterinary medicine offers real benefits. Learn when to consider making the switch.",Kevin Collins,2026-01-30,https://res.cloudinary.com/dnmrgvjdm/image/upload/v1771348021/SocksVetVisit2_tamck5.png,When should you consider a holistic vet? Learn the specific situations where integrative veterinary care can make a real difference for your pet's health and quality of life.,Published,when-to-consider-a-holistic-vet-for-your-pet,,,
Understanding Pet Nutrition Therapy,"Nutrition is the foundation of health—for humans and animals alike. Yet in conventional veterinary practice, nutrition often receives limited attention beyond recommending a commercial pet food brand. Holistic and integrative veterinarians take a fundamentally different approach, viewing diet as one of the most powerful tools available for preventing and treating disease.

Pet nutrition therapy is a specialized area of holistic veterinary medicine that uses targeted dietary strategies, whole food nutrition, and therapeutic supplements to address specific health conditions and optimize overall wellness.

## What Is Pet Nutrition Therapy?

Pet nutrition therapy is the practice of using food and nutritional supplements as therapeutic tools to prevent, manage, and treat health conditions in animals. It goes far beyond simply feeding a ""good"" pet food. A veterinarian trained in nutritional therapy will:

- Evaluate your pet's current diet in detail
- Assess your pet's specific nutritional needs based on their health conditions, age, breed, and lifestyle
- Design a customized feeding plan that addresses identified health concerns
- Recommend specific supplements to fill nutritional gaps or provide therapeutic benefits
- Monitor your pet's response and adjust the plan over time

Unlike generic dietary advice, nutrition therapy is individualized. Two dogs with the same condition might receive very different dietary recommendations based on their unique health profiles.

## Why Diet Matters More Than You Think

The pet food industry has grown into a multi-billion dollar business, but the quality of commercial pet foods varies enormously. Many popular brands contain highly processed ingredients, artificial additives, excessive carbohydrates, and low-quality protein sources that may contribute to health problems over time.

Consider these facts:

- Many chronic conditions in pets—including allergies, digestive disorders, obesity, and dental disease—have dietary components that are often overlooked in conventional treatment.
- The nutrients (or lack thereof) in your pet's daily diet directly affect immune function, inflammation levels, organ health, coat quality, energy, and longevity.
- Food sensitivities and intolerances are far more common in pets than many owners realize, and they can manifest as skin problems, ear infections, digestive issues, and behavioral changes.
- The quality of ingredients matters. Highly processed foods lose much of their nutritional value during manufacturing, and synthetic vitamins added back in may not be as bioavailable as nutrients from whole food sources.

A holistic vet who specializes in nutrition will help you understand how your pet's current diet may be affecting their health and what changes could make a meaningful difference.

## Common Dietary Approaches

Several dietary philosophies are used in veterinary nutrition therapy:

### Whole Food Diets

Whole food diets emphasize minimally processed, recognizable ingredients. Instead of highly processed kibble, whole food diets may include fresh meats, vegetables, fruits, and whole grains prepared in ways that preserve nutritional value. These diets can be commercially prepared (fresh or frozen) or home-cooked with veterinary guidance.

### Raw Food Diets

Raw diets, sometimes called BARF (Biologically Appropriate Raw Food) diets, consist of uncooked meats, bones, organs, and sometimes vegetables and fruits. Proponents argue that raw diets more closely resemble what animals would eat in the wild and provide superior nutrition. However, raw diets require careful formulation to be nutritionally complete and carry food safety considerations that should be discussed with your veterinarian.

### Species-Appropriate Diets

This approach focuses on matching the diet to the animal's biological needs. For cats, this means a high-protein, low-carbohydrate diet that reflects their status as obligate carnivores. For dogs, it means a varied diet that acknowledges their omnivorous nature while emphasizing high-quality animal protein.

### Elimination Diets

Elimination diets are used to identify food sensitivities and allergies. The pet is fed a very limited diet containing only novel protein and carbohydrate sources (ingredients they have never eaten before) for 8 to 12 weeks. Foods are then reintroduced one at a time to identify which cause symptoms. This process requires patience but can be invaluable for pets with suspected food allergies.

## TCVM Food Therapy

Traditional Chinese Veterinary Medicine offers a unique perspective on nutrition called food therapy. In TCVM, every food has specific energetic properties:

**Thermal nature:** Foods are classified as hot, warm, neutral, cool, or cold. A pet with an inflammatory condition (considered a ""hot"" condition in TCVM) would benefit from cooling foods like duck, rabbit, or watermelon. A pet who is always cold or lethargic might benefit from warming foods like lamb or ginger.

**Organ affinity:** Different foods are believed to support specific organ systems. For example, liver is considered supportive of the liver organ system, while kidney beans support kidney function.

**Flavor properties:** The five flavors in TCVM—sour, bitter, sweet, pungent, and salty—each have specific effects on the body and can be used therapeutically.

A TCVM food therapy plan is customized based on your pet's individual constitution and current health pattern, making it a truly personalized approach to nutrition.

## The Role of Supplements

Supplements are often an important part of pet nutrition therapy. Common therapeutic supplements include:

**Probiotics:** Beneficial bacteria that support gut health, immune function, and digestive efficiency. Particularly important for pets with digestive issues, those on antibiotics, or those with compromised immune systems.

**Omega-3 fatty acids:** Fish oil and other sources of EPA and DHA provide anti-inflammatory benefits for joints, skin, brain, and heart health. One of the most widely recommended supplements in both conventional and holistic veterinary medicine.

**Joint support:** Glucosamine, chondroitin, MSM, and green-lipped mussel extract support cartilage health and joint function in pets with arthritis or those at risk due to breed or activity level.

**Digestive enzymes:** Supplemental enzymes can help pets who have difficulty digesting certain foods, particularly those with pancreatic insufficiency or age-related digestive decline.

**Antioxidants:** Vitamins C and E, CoQ10, and other antioxidants support cellular health and may help protect against age-related disease.

**Organ-specific supplements:** Milk thistle for liver support, cranberry extract for urinary health, and other targeted supplements may be recommended based on your pet's specific needs.

## Conditions Improved by Nutrition Therapy

Nutrition therapy can make a significant difference for many common pet health conditions:

- **Allergies and skin conditions:** Identifying and eliminating food triggers while adding anti-inflammatory nutrients can dramatically reduce allergic symptoms.
- **Digestive disorders:** Dietary changes are often the most effective treatment for chronic digestive issues including IBD, pancreatitis, and chronic diarrhea.
- **Obesity:** A species-appropriate diet with proper portions is the foundation of healthy weight management.
- **Kidney disease:** Therapeutic diets play a crucial role in managing chronic kidney disease, one of the most common conditions in aging cats.
- **Diabetes:** Diet is a cornerstone of diabetes management, particularly in cats where high-protein, low-carbohydrate diets can sometimes achieve remission.
- **Cancer support:** Targeted nutrition can support immune function, maintain muscle mass, and improve quality of life for pets with cancer.
- **Joint disease:** Anti-inflammatory diets combined with targeted supplements can reduce pain and improve mobility.

## Working with a Veterinary Nutritionist vs. DIY

While there is abundant information about pet nutrition available online, working with a qualified veterinary professional offers important advantages:

- **Nutritional balance:** Homemade and raw diets can easily become nutritionally incomplete without expert formulation. Deficiencies in calcium, zinc, taurine, and other essential nutrients can cause serious health problems over time.
- **Condition-specific expertise:** A vet trained in nutrition therapy understands how dietary changes interact with your pet's specific health conditions and medications.
- **Monitoring:** Your vet can track your pet's response to dietary changes through physical examination and lab work, making adjustments as needed.
- **Safety:** Some foods that are healthy for humans are toxic to pets. A trained professional ensures that dietary recommendations are safe for your specific animal.

## Transitioning Foods Safely

If your holistic vet recommends dietary changes, it is important to transition gradually. Abrupt food changes can cause digestive upset including vomiting and diarrhea. A typical transition takes 7 to 14 days:

- Days 1-3: 75% old food, 25% new food
- Days 4-7: 50% old food, 50% new food
- Days 8-10: 25% old food, 75% new food
- Days 11-14: 100% new food

Your vet may recommend a faster or slower transition depending on your pet's digestive sensitivity.

## Getting Started with Nutrition Therapy

If you are interested in exploring nutrition therapy for your pet, start by finding a holistic veterinarian who emphasizes nutrition in their practice. Use our directory to search for practitioners in your area, and look for vets who list nutritional therapy among their specialties.

A nutrition-focused consultation can be one of the most impactful investments you make in your pet's health—because what your pet eats every single day has a profound effect on how they feel, function, and thrive.",Pet nutrition therapy goes far beyond choosing the right kibble. Learn how targeted dietary changes and supplements can transform your pet's health from the inside out.,Kevin Collins,2026-01-28,https://res.cloudinary.com/dnmrgvjdm/image/upload/v1771306383/ZoeCloud_dtaljs.png,"Learn how pet nutrition therapy works, common dietary approaches, supplements that help, conditions improved by diet, and how to work with a veterinary nutritionist.",Published,understanding-pet-nutrition-therapy,,,
What to Expect at Your First Holistic Vet Visit,"Making the decision to visit a holistic veterinarian for the first time can feel both exciting and uncertain. You may be wondering how the experience will differ from your regular vet visits, what you should bring, and how to evaluate whether the practitioner is right for your pet.

The good news is that a first visit to a holistic vet is straightforward, and knowing what to expect beforehand will help you get the most out of the experience.

## Preparing for Your Visit

Preparation is key to a productive first consultation. Unlike a quick conventional vet visit, a holistic appointment requires a comprehensive understanding of your pet's health history and lifestyle. Here is what to gather before your appointment:

**Medical records:** Request copies of your pet's complete medical records from your current veterinarian. This should include vaccination history, lab results, imaging reports, surgical records, and notes from previous visits. Most holistic vets want to review these before or during your appointment.

**Medication and supplement list:** Write down everything your pet is currently taking, including prescription medications, over-the-counter products, supplements, flea and tick preventatives, and heartworm medication. Include dosages and how long your pet has been on each product.

**Detailed diet information:** Be prepared to describe exactly what your pet eats, including brand names, amounts, feeding schedule, treats, and any table food. Holistic vets place significant emphasis on nutrition, so the more detail you can provide, the better.

**Symptom timeline:** Create a timeline of your pet's health issues. When did symptoms first appear? Have they changed over time? What makes them better or worse? What treatments have been tried and what were the results?

**Behavioral observations:** Note any behavioral changes you have observed, including energy levels, sleep patterns, anxiety triggers, social behavior, and response to environmental factors like weather changes.

## How the Consultation Differs from Conventional Visits

The first thing you will notice is that a holistic vet appointment takes significantly longer than a standard veterinary visit. While a conventional appointment might last 15 to 20 minutes, an initial holistic consultation typically runs 45 to 90 minutes. Here is why:

**Comprehensive history-taking:** The holistic vet will ask far more detailed questions than you may be accustomed to. Beyond the standard medical history, they will want to know about your pet's diet, daily routine, living environment, personality, preferences, fears, sleep habits, and social interactions.

**Whole-animal assessment:** Rather than focusing solely on the presenting complaint, the holistic vet will evaluate your pet's overall health and well-being. They are looking for patterns and connections that might explain why your pet is experiencing their current health issues.

**Different examination techniques:** Depending on the vet's training, you may see examination techniques that are unfamiliar. A TCVM practitioner might examine your pet's tongue color and coating, feel their pulse at specific points, and assess their body temperature patterns. A chiropractor will evaluate spinal alignment and range of motion. These techniques provide diagnostic information that complements standard physical examination.

**Unhurried conversation:** Holistic vets generally take time to listen. They want to understand your concerns, your goals for your pet's health, and your comfort level with different treatment approaches. This collaborative relationship is a cornerstone of holistic practice.

## What the Vet Will Ask About

Be prepared for questions that may seem surprising compared to a conventional appointment:

**Diet and digestion:** What does your pet eat? How is their appetite? Do they have any food preferences or aversions? What is their stool quality like? Do they experience gas, bloating, or vomiting?

**Water and thirst:** How much water does your pet drink? Do they prefer cold or warm water? Has their thirst changed recently?

**Temperature preferences:** Does your pet seek out warm spots or cool surfaces? How do they respond to weather changes?

**Emotional state:** Is your pet anxious, fearful, or easily stressed? What triggers these reactions? How do they respond to new people, animals, or environments?

**Sleep patterns:** Where does your pet sleep? What position do they sleep in? Has their sleep changed recently?

**Energy and activity:** What is your pet's energy level throughout the day? Do they have periods of restlessness or lethargy?

These questions help the holistic vet build a complete picture of your pet's constitution and health patterns. In modalities like TCVM and homeopathy, these details are essential for selecting the most appropriate treatment.

## The Examination

The physical examination at a holistic vet typically includes everything a conventional exam would cover—listening to the heart and lungs, checking eyes, ears, and mouth, palpating the abdomen, and assessing overall condition—plus additional assessments based on the vet's specialties.

**TCVM examination:** A vet trained in Traditional Chinese Veterinary Medicine may examine your pet's tongue (noting color, shape, and coating), take pulse readings at specific locations, and assess your pet's constitutional type.

**Chiropractic assessment:** A chiropractic vet will evaluate your pet's posture, gait, spinal alignment, and range of motion in all joints.

**Nutritional assessment:** A vet focused on nutritional therapy will evaluate your pet's body condition, coat quality, skin health, and other indicators of nutritional status.

## Developing the Treatment Plan

After the examination, the holistic vet will discuss their findings and recommend a treatment plan. This is a collaborative process, and a good practitioner will:

- Explain their assessment of your pet's condition in terms you can understand
- Describe the recommended treatment approaches and why they are appropriate
- Discuss expected outcomes and realistic timelines
- Outline the costs involved for recommended treatments
- Ask about your preferences and comfort level with different approaches
- Explain how holistic treatment will complement any conventional care your pet is receiving

The treatment plan may include one or more modalities such as acupuncture, herbal medicine, nutritional changes, chiropractic adjustments, or other therapies. Your vet should explain each recommendation clearly and answer any questions you have.

## What to Expect Regarding Costs

Holistic first visits are typically more expensive than standard vet appointments due to their length and thoroughness. Initial consultation fees generally range from $100 to $300. Additional costs for treatments performed during the first visit (such as acupuncture) may be separate.

Ask about fees when scheduling your appointment so there are no surprises. Many practices are transparent about their pricing and can provide estimates for recommended treatment plans.

## Follow-Up and Ongoing Care

Before you leave, the vet should outline a follow-up plan. This typically includes:

- A schedule for follow-up appointments (usually 2 to 4 weeks after the initial visit)
- Instructions for any dietary changes, supplements, or home care
- Signs of improvement to watch for
- When to contact the vet between appointments
- How to reach the vet in case of concerns

## Questions to Ask Your Holistic Vet

Make the most of your visit by asking:

- What certifications do you hold in holistic modalities?
- How will you coordinate care with my regular veterinarian?
- What results can I realistically expect, and on what timeline?
- Are there any risks or side effects I should know about?
- What can I do at home to support my pet's treatment?
- How will we measure progress?

## How to Know If It Is the Right Fit

After your first visit, reflect on these questions:

- Did you feel listened to and respected?
- Did the vet take adequate time with your pet?
- Were explanations clear and honest?
- Did the vet acknowledge the limitations of their approach?
- Was the vet willing to work alongside your conventional veterinarian?
- Did your pet seem comfortable with the practitioner?

Trust your instincts. The relationship between you, your pet, and your holistic vet should feel collaborative and comfortable. If it does not feel right, it is perfectly acceptable to try another practitioner.

Your first holistic vet visit is the beginning of a journey toward a more comprehensive approach to your pet's health. With the right practitioner, it can be a rewarding experience that opens up new possibilities for your pet's well-being.
",Your first holistic vet visit will be different from a conventional appointment. Here is everything you need to know to prepare and get the most from your consultation.,Kevin Collins,2026-01-24,https://res.cloudinary.com/dnmrgvjdm/image/upload/v1771362768/WhattoExpect_x3ilcc.jpg,"Preparing for your first holistic vet visit? Learn what to bring, how the consultation works, what the vet will ask, and how to know if it is the right fit for your pet.",Published,first-holistic-vet-visit-what-to-expect,,,
Benefits of Acupuncture for Dogs and Cats,"Acupuncture is one of the most widely practiced and well-researched holistic veterinary modalities available today. Originally developed as part of Traditional Chinese Medicine over 3,000 years ago, veterinary acupuncture has gained mainstream acceptance and is now offered by thousands of veterinary practitioners across the United States. For dogs and cats dealing with pain, chronic illness, or a range of other health conditions, acupuncture offers a safe, effective, and drug-free treatment option.

## How Veterinary Acupuncture Works

Acupuncture involves the insertion of very thin, sterile needles into specific points on the body known as acupoints. In dogs and cats, there are over 170 recognized acupoints, each associated with specific physiological effects.

From a Traditional Chinese Medicine perspective, acupuncture works by restoring the balanced flow of Qi (vital energy) through the body's meridian system. When Qi flow is disrupted or blocked, illness and pain result. Acupuncture needles stimulate specific points along these meridians to restore proper energy flow.

From a Western scientific perspective, research has identified several measurable mechanisms through which acupuncture produces its effects:

**Nervous system stimulation:** Acupuncture needles stimulate nerve endings, sending signals to the brain and spinal cord that modulate pain perception and trigger healing responses.

**Endorphin release:** Acupuncture stimulates the release of endorphins, enkephalins, and other natural pain-relieving chemicals produced by the body. This is one of the primary mechanisms behind acupuncture's well-documented analgesic effects.

**Improved blood circulation:** Acupuncture promotes increased blood flow to treated areas, delivering more oxygen and nutrients to damaged tissues and accelerating the removal of metabolic waste products.

**Anti-inflammatory effects:** Research has shown that acupuncture reduces the production of pro-inflammatory cytokines and other chemicals that drive chronic inflammation.

**Immune system modulation:** Acupuncture can influence immune function, helping to regulate an overactive immune system (as in allergies or autoimmune conditions) or stimulate a weakened one.

**Muscle relaxation:** The insertion of needles into tense muscles can trigger relaxation of muscle fibers, relieving spasms and reducing pain associated with muscle tension.

## Benefits for Dogs

Dogs are particularly responsive to acupuncture, and it is used to treat a wide variety of canine health conditions:

**Arthritis and joint pain:** This is the most common reason dog owners seek acupuncture. Arthritic dogs often show noticeable improvements in mobility, willingness to exercise, and comfort levels after acupuncture treatment. Many dogs can reduce their reliance on pain medications once acupuncture is established as part of their care plan.

**Intervertebral disc disease (IVDD):** Acupuncture has shown remarkable results for dogs with disc problems, particularly in managing pain and supporting neurological recovery. Some dogs with partial paralysis have regained function with acupuncture as part of their treatment.

**Hip dysplasia:** While acupuncture cannot change the structural problems of hip dysplasia, it can significantly reduce associated pain and inflammation, improving quality of life and mobility.

**Gastrointestinal disorders:** Dogs with chronic vomiting, diarrhea, inflammatory bowel disease, or appetite loss often respond well to acupuncture. Specific acupoints are known to regulate digestive function and reduce nausea.

**Anxiety and behavioral issues:** Acupuncture can help calm anxious dogs by modulating the nervous system and promoting the release of calming neurotransmitters. It is often used for separation anxiety, noise phobias, and general nervousness.

**Cancer support:** While acupuncture does not treat cancer directly, it is widely used to manage pain, nausea, and fatigue associated with cancer and its conventional treatments. It can significantly improve quality of life for dogs undergoing chemotherapy or radiation.

**Post-surgical recovery:** Acupuncture can speed healing, reduce post-operative pain, and help dogs recover mobility more quickly after surgery.

## Benefits for Cats

Cats also respond well to acupuncture, though sessions may be shorter due to their smaller size and temperament. Common feline conditions treated with acupuncture include:

**Chronic kidney disease:** One of the most common conditions in aging cats, chronic kidney disease can be supported with acupuncture to help manage nausea, improve appetite, and support overall kidney function.

**Feline asthma:** Acupuncture can help reduce the frequency and severity of asthma attacks by modulating the immune response and reducing airway inflammation.

**Arthritis:** Cats are masters at hiding pain, and many suffer from undiagnosed arthritis. Acupuncture can improve mobility and comfort in arthritic cats, often with dramatic improvements in activity levels.

**Inflammatory bowel disease:** Feline IBD is a frustrating condition that often responds incompletely to conventional treatment. Acupuncture can help regulate intestinal motility and reduce inflammation.

**Urinary issues:** Cats prone to urinary tract inflammation, crystals, or blockages may benefit from acupuncture as part of a comprehensive treatment approach.

**Hyperthyroidism support:** While not a replacement for conventional thyroid management, acupuncture can help support overall well-being in hyperthyroid cats.

## What an Acupuncture Session Looks Like

If you have never brought your pet for acupuncture, knowing what to expect can ease any concerns:

**The first visit** typically lasts 45 to 60 minutes and includes a thorough history and examination. The veterinarian will ask detailed questions about your pet's health, diet, behavior, and lifestyle before performing the first treatment.

**During the treatment,** the veterinarian inserts very thin needles—much thinner than those used for injections—into selected acupoints. Most dogs and cats tolerate needle insertion very well, with many showing little to no reaction. The needles remain in place for 15 to 30 minutes.

**Most pets relax** during treatment. It is very common for dogs to lie down and fall asleep during a session. Cats may purr. This relaxation response is actually a positive sign that the treatment is working.

**After the session,** some pets show immediate improvement, while others may be slightly tired for a day. The full effects of acupuncture often build over multiple sessions.

## How Many Sessions Are Needed?

A typical acupuncture treatment plan starts with weekly sessions for 4 to 6 weeks to build cumulative benefit. After the initial series, most pets transition to maintenance treatments every 2 to 6 weeks, depending on their condition.

Some conditions, such as acute injuries, may require fewer sessions. Chronic conditions like arthritis typically require ongoing maintenance treatments to sustain the benefits.

## Finding an IVAS-Certified Veterinary Acupuncturist

When seeking acupuncture for your pet, the most important credential to look for is certification from the International Veterinary Acupuncture Society (IVAS). IVAS certification requires completion of a rigorous training program including over 100 hours of didactic and hands-on training, followed by a comprehensive examination.

Other respected certifications include those from the Chi Institute and the CuraCore Integrative Medicine and Education Center.

Our directory includes hundreds of veterinary acupuncturists across the country. Search by your location to find an IVAS-certified or Chi Institute-certified practitioner near you.

## Safety and Side Effects

Veterinary acupuncture is extremely safe when performed by a trained, certified practitioner. Side effects are rare and typically mild, including occasional temporary soreness at needle sites or brief lethargy after treatment.

Acupuncture is suitable for pets of all ages and can be safely combined with conventional medications. It is one of the holistic modalities most widely accepted by conventional veterinarians, and many conventional practices now offer acupuncture services or refer patients to certified practitioners.

If your dog or cat is struggling with pain, chronic illness, or a condition that has not fully responded to conventional treatment, acupuncture may provide the additional support they need. Talk to a certified veterinary acupuncturist about whether acupuncture could benefit your pet.","Veterinary acupuncture offers proven benefits for dogs and cats including pain relief, reduced inflammation, and improved mobility. Learn how it works and what to expect.",Kevin Collins,2026-01-15,https://res.cloudinary.com/dnmrgvjdm/image/upload/v1771363265/acupuncture_luvq1q.png,"Discover the benefits of acupuncture for dogs and cats. Learn how veterinary acupuncture works, conditions it treats, what sessions look like, and finding an IVAS-certified vet.",Published,benefits-of-acupuncture-for-dogs-and-cats,,,
